Title,Score,Platforms,Release Date,Developers,Publisher,Genres
Super Mario Galaxy 2,97,['Wii'],"May 23, 2010",['Nintendo EAD Tokyo'],Nintendo,['3D Platformer']
The Legend of Zelda: Breath of the Wild,97,"['Wii U', 'Nintendo Switch']","Mar 3, 2017",['Nintendo'],Nintendo,['Open-World Action']
Red Dead Redemption 2,97,"['Xbox One', 'PlayStation 4', 'PC']","Oct 26, 2018",['Rockstar Games'],Rockstar Games,['Open-World Action']
Grand Theft Auto V,97,"['PlayStation 3', 'Xbox 360', 'PlayStation 4', 'Xbox One', 'PC', 'PlayStation 5', 'Xbox Series X']","Nov 18, 2014",['Rockstar North'],Rockstar Games,['Open-World Action']
Super Mario Odyssey,97,['Nintendo Switch'],"Oct 27, 2017",['Nintendo'],Nintendo,['3D Platformer']
Baldur's Gate 3,96,"['PC', 'PlayStation 5', 'Xbox Series X']","Aug 3, 2023",['Larian Studios Games'],Larian Studios Games,['Western RPG']
Mass Effect 2,96,"['PC', 'Xbox 360', 'PlayStation 3']","Jan 26, 2010",['BioWare'],Electronic Arts,['Western RPG']
The House in Fata Morgana - Dreams of the Revenants Edition -,96,['Nintendo Switch'],"Apr 9, 2021",['HuneX'],Limited Run Games,['Visual Novel']
Elden Ring,96,"['PC', 'Xbox One', 'PlayStation 4', 'Xbox Series X', 'PlayStation 5']","Feb 25, 2022",['From Software'],Bandai Namco Games,['Action RPG']
The Elder Scrolls V: Skyrim,96,"['Xbox 360', 'PC', 'PlayStation 3']","Nov 11, 2011",['Bethesda Game Studios'],Bethesda Softworks,['Western RPG']
The Legend of Zelda: Tears of the Kingdom,96,['Nintendo Switch'],"May 12, 2023",['Nintendo'],Nintendo,['Open-World Action']
Portal: Companion Collection,95,['Nintendo Switch'],"Jun 28, 2022",['Valve Software'],Valve Software,['Compilation']
The Last of Us,95,['PlayStation 3'],"Jun 14, 2013",['Naughty Dog'],SCEA,['Linear Action Adventure']
Persona 5 Royal,95,"['PlayStation 4', 'Xbox Series X', 'PC', 'Xbox One', 'PlayStation 5', 'Nintendo Switch']","Mar 31, 2020",['Atlus'],Atlus,['JRPG']
The Last of Us Remastered,95,['PlayStation 4'],"Jul 29, 2014",['Naughty Dog'],SCEA,['Linear Action Adventure']
Red Dead Redemption,95,"['Xbox 360', 'PlayStation 3', 'PC']","May 18, 2010",['Rockstar San Diego'],Rockstar San Diego,['Open-World Action']
Portal 2,95,"['PC', 'Xbox 360', 'PlayStation 3']","Apr 19, 2011",['Valve Software'],Valve Software,['FPS']
God of War,94,"['PlayStation 4', 'PC']","Apr 20, 2018",['SCE Santa Monica'],Sony Interactive Entertainment,['Linear Action Adventure']
Elden Ring: Shadow of the Erdtree,94,"['PC', 'Xbox Series X', 'PlayStation 5', 'PlayStation 4', 'Xbox One']","Jun 21, 2024",['From Software'],Bandai Namco Games,['Action RPG']
Batman: Arkham City,94,"['PC', 'Xbox 360', 'PlayStation 3', 'Nintendo Switch']","Oct 18, 2011",['Rocksteady Studios'],Warner Bros. Interactive Entertainment,['Open-World Action']
Metroid Prime Remastered,94,['Nintendo Switch'],"Feb 8, 2023","['Retro Studios', 'Iron Galaxy Studios']",Nintendo,['FPS']
Astro Bot,94,['PlayStation 5'],"Sep 6, 2024",['Team Asobi'],Sony Interactive Entertainment,['3D Platformer']
The Legend of Zelda: Ocarina of Time 3D,94,['3DS'],"Jun 19, 2011",['GREZZO'],Nintendo,['Open-World Action']
BioShock Infinite,94,"['Xbox 360', 'PlayStation 3', 'PC']","Mar 25, 2013",['Irrational Games'],2K Games,['FPS']
God of War: Ragnarok,94,"['PlayStation 5', 'PlayStation 4', 'PC']","Nov 9, 2022",['SCE Santa Monica'],PlayStation Studios,['Action Adventure']
Metaphor: ReFantazio,94,"['Xbox Series X', 'PC', 'PlayStation 5', 'PlayStation 4']","Oct 11, 2024",['Studio Zero'],Sega,['JRPG']
The Last of Us Part II,93,['PlayStation 4'],"Jun 19, 2020",['Naughty Dog'],Sony Interactive Entertainment,['Survival']
Pac-Man Championship Edition DX,93,"['Xbox 360', 'PlayStation 3', 'iOS (iPhone/iPad)']","Nov 17, 2010",['Namco Bandai Games'],Namco Bandai Games,['Arcade']
Half-Life: Alyx,93,['PC'],"Mar 23, 2020",['Valve Software'],Valve Software,['FPS']
Divinity: Original Sin II,93,['PC'],"Sep 14, 2017",['Larian Studios Games'],Larian Studios Games,['Western RPG']
Super Mario 3D World,93,['Wii U'],"Nov 22, 2013",['Nintendo'],Nintendo,['3D Platformer']
Starcraft II: Wings of Liberty,93,['PC'],"Jul 27, 2010",['Blizzard Entertainment'],Blizzard Entertainment,['Command RTS']
Persona 4 Golden,93,"['PlayStation Vita', 'PC', 'Xbox Series X', 'Xbox One', 'PlayStation 4', 'Nintendo Switch']","Nov 20, 2012",['Atlus'],Atlus,['JRPG']
Persona 5,93,"['PlayStation 3', 'PlayStation 4']","Apr 4, 2017",['Atlus'],Atlus,['JRPG']
Mass Effect 3,93,"['PC', 'Xbox 360', 'PlayStation 3', 'Wii U']","Mar 6, 2012",['BioWare'],Electronic Arts,['Action RPG']
Metal Gear Solid V: The Phantom Pain,93,"['Xbox 360', 'PlayStation 3', 'Xbox One', 'PlayStation 4', 'PC']","Sep 1, 2015","['Kojima Productions', 'Moby Dick Studio']",Konami,['Open-World Action']
The Legend of Zelda: Skyward Sword,93,['Wii'],"Nov 20, 2011",['Nintendo'],Nintendo,['Open-World Action']
Rock Band 3,93,"['Xbox 360', 'PlayStation 3', 'Wii', 'DS']","Oct 26, 2010",['Harmonix Music Systems'],MTV Games,['Rhythm']
Hades,93,"['PC', 'Nintendo Switch', 'Xbox Series X', 'Xbox One', 'PlayStation 5', 'PlayStation 4', 'iOS (iPhone/iPad)']","Dec 6, 2018",['Supergiant Games'],Supergiant Games,['Roguelike']
Resident Evil 4,93,"['PlayStation 5', 'Xbox Series X', 'PC', 'PlayStation 4', 'iOS (iPhone/iPad)']","Mar 24, 2023",['Capcom'],Capcom,['Survival']
Uncharted 4: A Thief's End,93,['PlayStation 4'],"May 10, 2016",['Naughty Dog'],Sony Interactive Entertainment,['Linear Action Adventure']
Super Smash Bros. Ultimate,93,['Nintendo Switch'],"Dec 7, 2018","['Nintendo', 'Sora Ltd.']",Nintendo,['2D Fighting']
INSIDE,93,"['Xbox One', 'PC', 'PlayStation 4', 'Nintendo Switch', 'iOS (iPhone/iPad)']","Jun 29, 2016",['PLAYDEAD'],PLAYDEAD,['2D Platformer']
Forza Horizon 4,92,"['Xbox One', 'PC', 'Xbox Series X']","Sep 28, 2018",['Playground Games'],Microsoft Game Studios,['Auto Racing Sim']
God of War III,92,['PlayStation 3'],"Mar 16, 2010",['SCE Santa Monica'],SCEA,['Linear Action Adventure']
Uncharted 3: Drake's Deception,92,['PlayStation 3'],"Nov 1, 2011",['Naughty Dog'],SCEA,['Linear Action Adventure']
Final Fantasy VII Rebirth,92,['PlayStation 5'],"Feb 29, 2024",['Square Enix'],Square Enix,['Action RPG']
Super Mario Bros. Wonder,92,['Nintendo Switch'],"Oct 20, 2023",['Nintendo'],Nintendo,['2D Platformer']
Xenoblade Chronicles 3: Expansion Pass Wave 4 - Future Redeemed,92,['Nintendo Switch'],"Apr 25, 2023",['Monolith Soft'],Nintendo,['Action RPG']
Bloodborne,92,['PlayStation 4'],"Mar 24, 2015",['From Software'],SCEA,['Action RPG']
Celeste,92,"['PlayStation 4', 'Nintendo Switch', 'PC', 'Xbox One']","Jan 25, 2018",['Maddy Makes Games'],Maddy Makes Games,['2D Platformer']
Forza Horizon 5,92,"['PC', 'Xbox Series X', 'Xbox One']","Nov 5, 2021",['Playground Games'],Xbox Game Studios,['Auto Racing Sim']
The Witcher 3: Wild Hunt,92,"['PC', 'Xbox One', 'PlayStation 4', 'Nintendo Switch']","May 19, 2015",['CD Projekt Red Studio'],Warner Bros. Interactive Entertainment,['Action RPG']
Demon's Souls,92,['PlayStation 5'],"Nov 11, 2020","['Bluepoint Games', 'JapanStudio']",Sony Interactive Entertainment,['Action RPG']
Street Fighter 6,92,"['PlayStation 5', 'Xbox Series X', 'PlayStation 4', 'PC']","Jun 2, 2023",['Capcom'],Capcom,['2D Fighting']
UFO 50,92,['PC'],"Sep 18, 2024",['Mossmouth'],Mossmouth,['Party']
Undertale,92,"['PC', 'PlayStation 4', 'PlayStation Vita', 'Nintendo Switch', 'Xbox One', 'Xbox Series X']","Sep 15, 2015",['tobyfox'],tobyfox,['JRPG']
Fire Emblem: Awakening,92,['3DS'],"Feb 4, 2013",['Intelligent Systems'],Nintendo,['Turn-Based Tactics']
Divinity: Original Sin II - Definitive Edition,92,"['Xbox One', 'PlayStation 4', 'PC', 'Nintendo Switch', 'iOS (iPhone/iPad)']","Aug 31, 2018",['Larian Studios Games'],Larian Studios Games,['Western RPG']
Super Smash Bros. for Nintendo 3DS / Wii U,92,"['3DS', 'Wii U']","Nov 21, 2014",['Bandai Namco Games'],Nintendo,['2D Fighting']
Final Fantasy XIV: Endwalker,92,"['PC', 'PlayStation 4', 'PlayStation 5']","Dec 7, 2021",['Creative Business Unit III'],Square Enix,['MMORPG']
Journey,92,"['PlayStation 3', 'PlayStation 4', 'PC', 'iOS (iPhone/iPad)']","Mar 13, 2012",['ThatGameCompany'],SCEA,['3D Platformer']
Mario Kart 8 Deluxe,92,['Nintendo Switch'],"Apr 28, 2017",['Nintendo'],Nintendo,['Auto Racing']
The ICO & Shadow of the Colossus Collection,92,['PlayStation 3'],"Sep 27, 2011",['Bluepoint Games'],SCEA,['Compilation']
Out of the Park Baseball 17,92,['PC'],"Mar 22, 2016",['Out Of The Park Developments'],Out Of The Park Developments,['Baseball Sim']
The Witcher 3: Wild Hunt - Blood and Wine,92,"['PC', 'PlayStation 4', 'Xbox One']","May 30, 2016",['CD Projekt Red Studio'],CD Projekt,['Action RPG']
Rayman Legends,92,"['Wii U', 'PlayStation 3', 'PlayStation Vita', 'PC', 'Xbox 360', 'PlayStation 4', 'Xbox One']","Sep 3, 2013",['Ubisoft Montpellier'],Ubisoft,['2D Platformer']
Against the Storm,91,['PC'],"Dec 8, 2023",['Eremite Games'],Hooded Horse,['Management']
LittleBigPlanet 2,91,['PlayStation 3'],"Jan 18, 2011",['Media Molecule'],SCEA,['2D Platformer']
Microsoft Flight Simulator,91,"['Xbox Series X', 'PC']","Aug 18, 2020",['Asobo Studio'],Xbox Game Studios,['Aircraft Sim']
I Was a Teenage Exocolonist,91,"['PC', 'PlayStation 5', 'PlayStation 4', 'Nintendo Switch']","Aug 25, 2022",['Northway Games'],Finji,['Card Battle']
Overwatch,91,"['PC', 'PlayStation 4', 'Xbox One', 'Nintendo Switch']","May 23, 2016",['Blizzard Entertainment'],Blizzard Entertainment,['Tactical FPS']
Bayonetta 2,91,"['Wii U', 'Nintendo Switch']","Oct 24, 2014",['PlatinumGames'],Nintendo,['Linear Action Adventure']
Dragon Quest XI S: Echoes of an Elusive Age - Definitive Edition,91,"['Nintendo Switch', 'Xbox One', 'PlayStation 4', 'PC']","Sep 27, 2019",['Square Enix'],Nintendo,['JRPG']
Forza Horizon 3,91,"['Xbox One', 'PC']","Sep 23, 2016",['Playground Games'],Microsoft Game Studios,['Auto Racing Sim']
Kentucky Route Zero - Act III,91,['PC'],"May 6, 2014",['Cardboard Computer'],Cardboard Computer,['Adventure']
MLB 10: The Show,91,"['PlayStation 2', 'PlayStation 3', 'PSP']","Mar 2, 2010",['SCEA'],SCEA,['Baseball Sim']
Shadow of the Colossus,91,"['PlayStation 2', 'PlayStation 3', 'PlayStation 4']","Feb 6, 2018",['Bluepoint Games'],Sony Interactive Entertainment,['Action Adventure']
Halo: Reach,91,['Xbox 360'],"Sep 14, 2010",['Bungie'],Microsoft Game Studios,['FPS']
Forza Motorsport 4,91,['Xbox 360'],"Oct 11, 2011",['Turn 10'],Microsoft Game Studios,['Auto Racing Sim']
Crusader Kings III,91,"['PC', 'Xbox Series X', 'PlayStation 5']","Sep 1, 2020",['Paradox Interactive'],Paradox Interactive,['Real-Time Strategy']
Gears of War 3,91,['Xbox 360'],"Sep 20, 2011",['Epic Games'],Microsoft Game Studios,['Third Person Shooter']
Animal Well,91,"['PC', 'PlayStation 5', 'Nintendo Switch']","May 9, 2024",['Shared Memory'],Bigmode,['Metroidvania']
Disco Elysium,91,['PC'],"Oct 15, 2019",['ZA/UM'],ZA/UM,['Western RPG']
The Legend of Zelda: A Link Between Worlds,91,['3DS'],"Nov 22, 2013",['Nintendo'],Nintendo,['Open-World Action']
NieR: Automata - Game of the YoRHa Edition,91,"['PlayStation 4', 'PC']","Feb 26, 2019",['PlatinumGames'],Square Enix,['Action RPG']
Resident Evil 2,91,"['PlayStation 4', 'Xbox One', 'PC', 'Xbox Series X', 'PlayStation 5', 'iOS (iPhone/iPad)', 'Nintendo Switch']","Jan 25, 2019",['Capcom R&D Division 1'],Capcom,['Survival']
Dark Souls II,91,"['PlayStation 3', 'Xbox 360', 'PC']","Mar 11, 2014",['From Software'],Namco Bandai Games,['Action RPG']
Shovel Knight: Treasure Trove,91,"['Nintendo Switch', 'PlayStation 4', 'Xbox One', 'PC', '3DS']","Mar 3, 2017",['Yacht Club Games'],Yacht Club Games,['2D Platformer']
Animal Crossing: New Horizons,90,['Nintendo Switch'],"Mar 20, 2020",['Nintendo'],Nintendo,['Virtual Life']
Final Fantasy XIV: Shadowbringers,90,"['PC', 'PlayStation 4']","Jul 2, 2019",['Square Enix'],Square Enix,['MMORPG']
World of Warcraft: Cataclysm,90,['PC'],"Dec 7, 2010",['Blizzard Entertainment'],Blizzard Entertainment,['MMORPG']
Bayonetta,90,"['PlayStation 3', 'Xbox 360', 'Wii U', 'PC', 'Nintendo Switch', 'PlayStation 4', 'Xbox One']","Jan 5, 2010",['PlatinumGames'],Sega,['Linear Action Adventure']
Diablo III: Ultimate Evil Edition,90,"['PC', 'PlayStation 4', 'PlayStation 3', 'Xbox One', 'Xbox 360']","Aug 19, 2014",['Blizzard Entertainment'],Blizzard Entertainment,['Action RPG']
Slay the Princess,90,['PC'],"Oct 23, 2023",['Black Tabby Games'],Black Tabby Games,['Visual Novel']
Trials Evolution,90,"['Xbox 360', 'PC']","Apr 18, 2012","['RedLynx', 'Ubisoft']",Microsoft Game Studios,['Auto Racing Sim']
FIFA Soccer 12,90,"['iOS (iPhone/iPad)', '3DS', 'Xbox 360', 'PSP', 'PlayStation 2', 'PlayStation 3', 'PC', 'Wii']","Sep 27, 2011",['Electronic Arts'],Electronic Arts,['Soccer Sim']
Balatro,90,"['PC', 'PlayStation 5', 'PlayStation 4', 'Nintendo Switch', 'Xbox One', 'Xbox Series X', 'iOS (iPhone/iPad)']","Feb 20, 2024",['LocalThunk'],Playstack,['Card Battle']
Factorio,90,"['PC', 'Nintendo Switch']","Aug 14, 2020",['Wube Software LTD.'],Wube Software LTD.,['Tycoon']
Marvel's Spider-Man 2,90,['PlayStation 5'],"Oct 20, 2023",['Insomniac Games'],Sony Interactive Entertainment,['Open-World Action']
The Legend of Zelda: The Wind Waker HD,90,['Wii U'],"Sep 20, 2013",['HexaDrive'],Nintendo,['Open-World Action']
Jack Jeanne,90,"['Nintendo Switch', 'iOS (iPhone/iPad)']","Jun 15, 2023",['Broccoli'],Aksys Games,['Visual Novel']
Satisfactory,90,['PC'],"Sep 10, 2024",['Coffee Stain Studios'],Coffee Stain Studios,['Sandbox']
MLB 11: The Show,90,"['PlayStation 3', 'PlayStation 2', 'PSP']","Mar 8, 2011",['SCEA San Diego Studios'],SCEA,['Baseball Sim']
NieR: Automata - Become as Gods Edition,90,"['Xbox One', 'PC']","Jun 26, 2018",['PlatinumGames'],Square Enix,['Action RPG']
Stephen's Sausage Roll,90,['PC'],"Apr 18, 2016",['increpare'],increpare,['Action Puzzle']
Hollow Knight,90,"['PC', 'Wii U', 'Nintendo Switch', 'PlayStation 4', 'Xbox One']","Jun 12, 2018",['Team Cherry'],Team Cherry,['Metroidvania']
Ori and the Will of the Wisps,90,"['Xbox One', 'PC', 'Xbox Series X', 'Nintendo Switch']","Mar 11, 2020",['Moon Studios'],Microsoft Game Studios,['Metroidvania']
VIDEOVERSE,90,['PC'],"Aug 7, 2023",['Kinmoku'],Kinmoku,['Adventure']
The Last of Us Part II Remastered,90,['PlayStation 5'],"Jan 19, 2024",['Naughty Dog'],Sony Interactive Entertainment,['Survival']
LIMBO,90,"['Xbox 360', 'PlayStation 3', 'PC', 'PlayStation Vita', 'Xbox One', 'PlayStation 4', 'Nintendo Switch', 'iOS (iPhone/iPad)']","Jul 21, 2010",['PLAYDEAD'],PLAYDEAD,['2D Platformer']
Mark of the Ninja,90,"['Xbox 360', 'PC']","Sep 7, 2012",['Klei Entertainment'],Microsoft Game Studios,['2D Platformer']
Thank Goodness You're Here!,90,"['Nintendo Switch', 'PC', 'PlayStation 5', 'PlayStation 4']","Aug 1, 2024",['Coal Supper'],Panic Inc.,['Adventure']
Chained Echoes,90,"['PC', 'PlayStation 4', 'Nintendo Switch', 'Xbox Series X', 'Xbox One', 'PlayStation 5']","Dec 8, 2022",['Matthias Linda'],DECK13 Spotlight,['JRPG']
Super Meat Boy,90,"['Xbox 360', 'Wii', 'PC', 'PlayStation 4', 'PlayStation Vita', 'Wii U', 'Nintendo Switch']","Oct 20, 2010",['Team Meat'],Team Meat,['2D Platformer']
Dead Space 2,90,"['Xbox 360', 'PlayStation 3', 'PC']","Jan 25, 2011",['Visceral Games'],Electronic Arts,['Third Person Shooter']
DAVE THE DIVER,90,"['PC', 'Nintendo Switch', 'PlayStation 5', 'PlayStation 4']","Jun 28, 2023",['MINT ROCKET'],MINT ROCKET,['Action Adventure']
Okami HD,90,"['PlayStation 3', 'Xbox One', 'PlayStation 4', 'PC', 'Nintendo Switch']","Oct 30, 2012",['HexaDrive'],Capcom,['Action Adventure']
Sid Meier's Civilization V,90,['PC'],"Sep 21, 2010",['Firaxis Games'],2K Games,['4X Strategy']
Super Mario 3D Land,90,['3DS'],"Nov 13, 2011",['Nintendo'],Nintendo,['3D Platformer']
Mario Kart 8 DLC Pack 2,90,['Wii U'],"Apr 23, 2015",['Nintendo'],Nintendo,['Auto Racing']
The Stanley Parable: Ultra Deluxe,90,"['PlayStation 4', 'PC', 'Xbox One', 'PlayStation 5', 'Xbox Series X', 'Nintendo Switch']","Apr 27, 2022",['Crows Crows Crows'],Crows Crows Crows,['First-Person Adventure']
Monster Hunter: World,90,"['PlayStation 4', 'Xbox One', 'PC']","Jan 26, 2018",['Capcom'],Capcom,['Action RPG']
Dota 2,90,['PC'],"Jul 9, 2013",['Valve Software'],Valve Software,['MOBA']
Guild Wars 2,90,['PC'],"Aug 28, 2012",['ArenaNet'],NCSOFT,['MMORPG']
Pushmo,90,['3DS'],"Dec 8, 2011",['Intelligent Systems'],Nintendo,['Action Puzzle']
FIFA Soccer 13,90,"['PC', 'Xbox 360', '3DS', 'Wii', 'PlayStation 3', 'PSP', 'PlayStation Vita', 'PlayStation 2', 'iOS (iPhone/iPad)', 'Wii U']","Sep 25, 2012",['Electronic Arts'],EA Sports,['Soccer Sim']
Into the Breach,90,"['PC', 'Nintendo Switch', 'iOS (iPhone/iPad)']","Feb 27, 2018",['Subset Games'],Subset Games,['Turn-Based Tactics']
Chicory: A Colorful Tale,90,"['PC', 'PlayStation 5', 'PlayStation 4', 'Nintendo Switch', 'Xbox Series X', 'Xbox One']","Jun 10, 2021",['Greg Lobanov'],Finji,['Adventure']
Tekken 8,90,"['PlayStation 5', 'Xbox Series X', 'PC']","Jan 26, 2024",['Bandai Namco Games'],Bandai Namco Games,['3D Fighting']
Sekiro: Shadows Die Twice,90,"['PlayStation 4', 'Xbox One', 'PC']","Mar 22, 2019",['From Software'],Activision,['Action Adventure']
Total War: Shogun 2,90,['PC'],"Mar 15, 2011",['Creative Assembly'],Sega,['Turn-Based Strategy']
NBA 2K12,90,"['Wii', 'Xbox 360', 'PC', 'PlayStation 3', 'PSP', 'PlayStation 2', 'iOS (iPhone/iPad)']","Oct 4, 2011",['Visual Concepts'],2K Sports,['Basketball Sim']
Kentucky Route Zero - Act IV,90,['PC'],"Jul 19, 2016",['Cardboard Computer'],Cardboard Computer,['Adventure']
Astro Bot Rescue Mission,90,['PlayStation 4'],"Oct 2, 2018",['Team Asobi'],JapanStudio,['Action Adventure']
Bayonetta + Bayonetta 2,90,"['Wii U', 'Nintendo Switch']","Feb 16, 2018",['PlatinumGames'],Nintendo,['Compilation']
The Witcher 3: Wild Hunt - Hearts of Stone,89,"['Xbox One', 'PC', 'PlayStation 4']","Oct 13, 2015",['CD Projekt Red Studio'],CD Projekt,['Action RPG']
Borderlands 2,89,"['Xbox 360', 'PlayStation 3', 'PC', 'PlayStation Vita']","Sep 18, 2012",['Gearbox Software'],2K Games,['FPS']
Shin Megami Tensei: Persona 3 Portable,89,"['Xbox Series X', 'PC', 'Xbox One', 'PlayStation 4', 'Nintendo Switch', 'PSP']","Jul 5, 2010",['Atlus'],Atlus,['JRPG']
Neon White,89,"['Nintendo Switch', 'PC', 'PlayStation 5', 'PlayStation 4', 'Xbox Series X', 'Xbox One']","Jun 16, 2022",['Angel Matrix'],Annapurna Interactive,['FPS']
Xenoblade Chronicles: Definitive Edition,89,['Nintendo Switch'],"May 29, 2020",['Monolith Soft'],Nintendo,['Action RPG']
The Legend of Zelda: Majora's Mask 3D,89,['3DS'],"Feb 13, 2015",['GREZZO'],Nintendo,['Open-World Action']
The Walking Dead: A Telltale Games Series,89,"['PC', 'PlayStation 3', 'Xbox 360', 'PlayStation 4', 'Nintendo Switch', 'iOS (iPhone/iPad)']","Apr 24, 2012",['Telltale Games'],Telltale Games,['Point-and-Click']
Monster Hunter: World - Iceborne,89,"['PlayStation 4', 'PC', 'Xbox One']","Sep 6, 2019",['Capcom'],Capcom,['Action RPG']
NieR: Automata - The End of YoRHa Edition,89,['Nintendo Switch'],"Oct 6, 2022",['PlatinumGames'],Square Enix,['Action RPG']
Quake II - Enhanced Edition,89,"['Xbox Series X', 'PlayStation 5', 'PC', 'PlayStation 4', 'Xbox One', 'Nintendo Switch']","Aug 10, 2023",['id Software'],ZeniMax Media,['FPS']
Destiny 2: The Final Shape,89,"['PC', 'Xbox Series X', 'PlayStation 5', 'PlayStation 4', 'Xbox One']","Jun 4, 2024",['Bungie'],Bungie,['FPS']
Tsukihime: A Piece of Blue Glass Moon,89,"['Nintendo Switch', 'PlayStation 4']","Jun 27, 2024",['Type-Moon'],Aniplex Inc.,['Visual Novel']
Horizon Forbidden West: Complete Edition,89,"['PlayStation 5', 'PC']","Mar 21, 2024",['Nixxes Software'],PlayStation PC,['Open-World Action']
Nuclear Throne,89,"['PlayStation 4', 'PlayStation Vita', 'PC', 'PlayStation 3', 'Nintendo Switch', 'Xbox One']","Dec 5, 2015",['Vlambeer'],Vlambeer,"[""Top-Down Shoot-'Em-Up""]"
Like a Dragon: Infinite Wealth,89,"['Xbox Series X', 'PC', 'PlayStation 5', 'PlayStation 4', 'Xbox One']","Jan 26, 2024",['Ryu ga Gotoku Studios'],Sega,['JRPG']
Cuphead in the Delicious Last Course,89,"['Xbox One', 'PC', 'PlayStation 4', 'Nintendo Switch']","Jun 30, 2022",['Studio MDHR'],Studio MDHR,['2D Platformer']
Lone Echo,89,['PC'],"Jul 20, 2017",['Ready at Dawn'],Ready at Dawn,['Action Adventure']
XCOM: Enemy Unknown,89,"['PC', 'PlayStation 3', 'Xbox 360', 'iOS (iPhone/iPad)', 'PlayStation Vita']","Oct 8, 2012",['Firaxis Games'],2K Games,['Turn-Based Tactics']
Apex Legends,89,"['PlayStation 4', 'Xbox One', 'PC', 'Nintendo Switch', 'PlayStation 5', 'Xbox Series X']","Feb 4, 2019",['Respawn Entertainment'],Electronic Arts,['Tactical FPS']
NORCO,89,"['PC', 'PlayStation 4', 'PlayStation 5', 'Xbox Series X', 'Xbox One']","Mar 24, 2022",['Geography of Robots'],Raw Fury,['Point-and-Click']
Dark Souls: Artorias of the Abyss,89,"['Xbox 360', 'PlayStation 3']","Oct 23, 2012",['From Software'],Namco Bandai Games,['Action RPG']
Metal Gear Solid HD Collection,89,"['Xbox 360', 'PlayStation 3']","Nov 8, 2011","['Bluepoint Games', 'Genki']",Konami,['Compilation']
Battlefield 3,89,"['PC', 'PlayStation 3', 'Xbox 360', 'Wii U']","Oct 25, 2011",['EA DICE'],Electronic Arts,['Tactical FPS']
Synth Riders,89,"['PC', 'PlayStation 4', 'PlayStation 5', 'Meta Quest']","Jul 27, 2021",['Kluge Interactive'],Kluge Interactive,['Exercise']
Dreams,89,['PlayStation 4'],"Feb 14, 2020",['Media Molecule'],Sony Interactive Entertainment,['Sandbox']
Deus Ex: Human Revolution,89,"['Xbox 360', 'PlayStation 3', 'PC']","Aug 23, 2011",['Eidos Montreal'],Square Enix,['Action Adventure']
Return of the Obra Dinn,89,"['PC', 'Nintendo Switch', 'Xbox One', 'PlayStation 4']","Oct 18, 2018",['Lucas Pope'],3909,['First-Person Adventure']
L.A. Noire,89,"['PlayStation 3', 'Xbox 360', 'PlayStation 4', 'Xbox One', 'Nintendo Switch']","May 17, 2011",['Team Bondi'],Rockstar Games,['Open-World Action']
Tony Hawk's Pro Skater 1 + 2,89,"['Xbox One', 'PC', 'PlayStation 4', 'Nintendo Switch', 'PlayStation 5', 'Xbox Series X']","Sep 4, 2020",['Vicarious Visions'],Activision,['Skating']
Alan Wake II,89,"['PlayStation 5', 'PC', 'Xbox Series X']","Oct 27, 2023",['Remedy Entertainment'],Epic Games,['Survival']
Castlevania Dominus Collection,89,"['Nintendo Switch', 'PlayStation 5', 'Xbox Series X', 'PC']","Aug 27, 2024",['M2'],Konami,['Compilation']
Metal Gear Solid: Peace Walker,89,['PSP'],"Jun 8, 2010",['Kojima Productions'],Konami,['Action Adventure']
Dead Cells,89,"['PC', 'PlayStation 4', 'Nintendo Switch', 'Xbox One', 'iOS (iPhone/iPad)']","Aug 7, 2018",['Motion Twin'],Motion Twin,['Metroidvania']
Pillars of Eternity,89,['PC'],"Mar 26, 2015",['Obsidian Entertainment'],Paradox Interactive,['Western RPG']
Rez Infinite,89,"['PlayStation 4', 'PC', 'PlayStation 5', 'Meta Quest']","Oct 13, 2016","['Monstars Inc.', 'Resonair']",Enhance Games,['Rail Shooter']
Pizza Tower,89,"['PC', 'Nintendo Switch']","Jan 26, 2023",['Tour De Pizza'],Tour De Pizza,['2D Platformer']
Assassin's Creed: Brotherhood,89,"['PlayStation 3', 'Xbox 360', 'PC']","Nov 16, 2010",['Ubisoft Montreal'],Ubisoft,['Open-World Action']
Slay the Spire,89,"['PC', 'Nintendo Switch', 'PlayStation 4', 'Xbox One', 'iOS (iPhone/iPad)']","Jan 23, 2019",['Mega Crit Games'],Mega Crit Games,['Card Battle']
Titanfall 2,89,"['Xbox One', 'PC', 'PlayStation 4']","Oct 28, 2016",['Respawn Entertainment'],Electronic Arts,['FPS']
Dark Souls III,89,"['Xbox One', 'PlayStation 4', 'PC']","Apr 12, 2016",['From Software'],Bandai Namco Games,['Action RPG']
Gunstar Heroes,89,"['3DS', 'Xbox 360', 'PlayStation 3', 'iOS (iPhone/iPad)', 'PC']","Aug 20, 2015",['M2'],Sega,['2D Platformer']
Xenoblade Chronicles 3,89,['Nintendo Switch'],"Jul 29, 2022",['Monolith Soft'],Nintendo,['Action RPG']
Super Mario 3D World + Bowser's Fury,89,['Nintendo Switch'],"Feb 12, 2021",['Nintendo'],Nintendo,['3D Platformer']
Dark Souls,89,"['PlayStation 3', 'Xbox 360']","Oct 4, 2011",['From Software'],Namco Bandai Games,['Action RPG']
Cyberpunk 2077: Phantom Liberty,89,"['PlayStation 5', 'Xbox Series X', 'PC']","Sep 26, 2023",['CD Projekt Red Studio'],CD Projekt Red Studio,['Action RPG']
Tetris Effect,89,"['PlayStation 4', 'PC', 'Meta Quest']","Nov 9, 2018",['Enhance Games'],Enhance Games,['Stacking Puzzle']
Fez,89,"['Xbox 360', 'PlayStation Vita', 'PlayStation 3', 'PC', 'PlayStation 4', 'Nintendo Switch', 'iOS (iPhone/iPad)']","Apr 13, 2012",['Polytron Corp.'],Polytron Corp.,['2D Platformer']
Dead Space,89,"['PlayStation 5', 'Xbox Series X', 'PC']","Jan 27, 2023",['Motive Studios'],Electronic Arts,['Survival']
Cave Story,89,"['3DS', 'PC', 'Wii', 'DS']","Mar 22, 2010",['Nicalis'],Nicalis,['Metroidvania']
The Walking Dead: Episode 5 - No Time Left,89,"['Xbox 360', 'PC', 'PlayStation 3']","Nov 21, 2012",['Telltale Games'],Telltale Games,['Point-and-Click']
Atari 50: The Anniversary Celebration,89,"['PlayStation 5', 'PlayStation 4', 'Xbox Series X', 'PC', 'Xbox One', 'Nintendo Switch']","Nov 11, 2022",['Digital Eclipse'],Atari,['Compilation']
Final Fantasy VII Remake Intergrade,89,"['PlayStation 5', 'PC']","Jun 10, 2021",['Square Enix'],Square Enix,['Action RPG']
Streets of Rage 2,89,"['3DS', 'Xbox 360', 'PC', 'iOS (iPhone/iPad)', 'PlayStation 3']","Jul 23, 2015",['M2'],Sega,"[""2D Beat-'Em-Up""]"
Hollow Knight: Voidheart Edition,89,"['Xbox One', 'PlayStation 4']","Sep 25, 2018",['Team Cherry'],Team Cherry,['Metroidvania']
Out of the Park Baseball 15,89,['PC'],"Apr 21, 2014",,,['Baseball Sim']
Fire Emblem: Three Houses,89,['Nintendo Switch'],"Jul 26, 2019","['Intelligent Systems', 'Koei Tecmo Games']",Nintendo,['Turn-Based Tactics']
NieR: Automata - The End of YoRHa Edition,89,['Nintendo Switch'],"Oct 6, 2022",['PlatinumGames'],Square Enix,['Action RPG']
Quake II - Enhanced Edition,89,"['Xbox Series X', 'PlayStation 5', 'PC', 'PlayStation 4', 'Xbox One', 'Nintendo Switch']","Aug 10, 2023",['id Software'],ZeniMax Media,['FPS']
Destiny 2: The Final Shape,89,"['PC', 'Xbox Series X', 'PlayStation 5', 'PlayStation 4', 'Xbox One']","Jun 4, 2024",['Bungie'],Bungie,['FPS']
Tsukihime: A Piece of Blue Glass Moon,89,"['Nintendo Switch', 'PlayStation 4']","Jun 27, 2024",['Type-Moon'],Aniplex Inc.,['Visual Novel']
Horizon Forbidden West: Complete Edition,89,"['PlayStation 5', 'PC']","Mar 21, 2024",['Nixxes Software'],PlayStation PC,['Open-World Action']
Nuclear Throne,89,"['PlayStation 4', 'PlayStation Vita', 'PC', 'PlayStation 3', 'Nintendo Switch', 'Xbox One']","Dec 5, 2015",['Vlambeer'],Vlambeer,"[""Top-Down Shoot-'Em-Up""]"
Like a Dragon: Infinite Wealth,89,"['Xbox Series X', 'PC', 'PlayStation 5', 'PlayStation 4', 'Xbox One']","Jan 26, 2024",['Ryu ga Gotoku Studios'],Sega,['JRPG']
Cuphead in the Delicious Last Course,89,"['Xbox One', 'PC', 'PlayStation 4', 'Nintendo Switch']","Jun 30, 2022",['Studio MDHR'],Studio MDHR,['2D Platformer']
Lone Echo,89,['PC'],"Jul 20, 2017",['Ready at Dawn'],Ready at Dawn,['Action Adventure']
XCOM: Enemy Unknown,89,"['PC', 'PlayStation 3', 'Xbox 360', 'iOS (iPhone/iPad)', 'PlayStation Vita']","Oct 8, 2012",['Firaxis Games'],2K Games,['Turn-Based Tactics']
Apex Legends,89,"['PlayStation 4', 'Xbox One', 'PC', 'Nintendo Switch', 'PlayStation 5', 'Xbox Series X']","Feb 4, 2019",['Respawn Entertainment'],Electronic Arts,['Tactical FPS']
NORCO,89,"['PC', 'PlayStation 4', 'PlayStation 5', 'Xbox Series X', 'Xbox One']","Mar 24, 2022",['Geography of Robots'],Raw Fury,['Point-and-Click']
Dark Souls: Artorias of the Abyss,89,"['Xbox 360', 'PlayStation 3']","Oct 23, 2012",['From Software'],Namco Bandai Games,['Action RPG']
Metal Gear Solid HD Collection,89,"['Xbox 360', 'PlayStation 3']","Nov 8, 2011","['Bluepoint Games', 'Genki']",Konami,['Compilation']
Battlefield 3,89,"['PC', 'PlayStation 3', 'Xbox 360', 'Wii U']","Oct 25, 2011",['EA DICE'],Electronic Arts,['Tactical FPS']
Synth Riders,89,"['PC', 'PlayStation 4', 'PlayStation 5', 'Meta Quest']","Jul 27, 2021",['Kluge Interactive'],Kluge Interactive,['Exercise']
Dreams,89,['PlayStation 4'],"Feb 14, 2020",['Media Molecule'],Sony Interactive Entertainment,['Sandbox']
Deus Ex: Human Revolution,89,"['Xbox 360', 'PlayStation 3', 'PC']","Aug 23, 2011",['Eidos Montreal'],Square Enix,['Action Adventure']
Return of the Obra Dinn,89,"['PC', 'Nintendo Switch', 'Xbox One', 'PlayStation 4']","Oct 18, 2018",['Lucas Pope'],3909,['First-Person Adventure']
L.A. Noire,89,"['PlayStation 3', 'Xbox 360', 'PlayStation 4', 'Xbox One', 'Nintendo Switch']","May 17, 2011",['Team Bondi'],Rockstar Games,['Open-World Action']
Tony Hawk's Pro Skater 1 + 2,89,"['Xbox One', 'PC', 'PlayStation 4', 'Nintendo Switch', 'PlayStation 5', 'Xbox Series X']","Sep 4, 2020",['Vicarious Visions'],Activision,['Skating']
Alan Wake II,89,"['PlayStation 5', 'PC', 'Xbox Series X']","Oct 27, 2023",['Remedy Entertainment'],Epic Games,['Survival']
Castlevania Dominus Collection,89,"['Nintendo Switch', 'PlayStation 5', 'Xbox Series X', 'PC']","Aug 27, 2024",['M2'],Konami,['Compilation']
Metal Gear Solid: Peace Walker,89,['PSP'],"Jun 8, 2010",['Kojima Productions'],Konami,['Action Adventure']
Colors! 3D,89,"['PlayStation Vita', '3DS']","Apr 5, 2012",['Collecting Smiles'],Collecting Smiles,['Application']
NBA 2K11,89,"['Wii', 'PC', 'PSP', 'PlayStation 3', 'Xbox 360', 'PlayStation 2']","Oct 5, 2010",['Visual Concepts'],2K Sports,['Basketball Sim']
Disco Elysium: The Final Cut,89,"['PC', 'PlayStation 4', 'PlayStation 5', 'iOS (iPhone/iPad)', 'Xbox Series X', 'Nintendo Switch', 'Xbox One']","Mar 30, 2021",['ZA/UM'],ZA/UM,['Western RPG']
Horizon Zero Dawn,89,['PlayStation 4'],"Feb 28, 2017",['Guerrilla'],Sony Interactive Entertainment,['Open-World Action']
Stardew Valley,89,"['PC', 'PlayStation 4', 'Xbox One', 'Wii U', 'Nintendo Switch', 'PlayStation Vita', 'iOS (iPhone/iPad)']","Feb 26, 2016",['ConcernedApe'],Chucklefish,['RPG']
Devil May Cry 5: Special Edition,89,"['PlayStation 5', 'Xbox Series X']","Nov 12, 2020",['Capcom'],Capcom,['Action Adventure']
The Last of Us Part I,89,"['PlayStation 5', 'PC']","Sep 2, 2022",['Naughty Dog'],Sony Interactive Entertainment,['Linear Action Adventure']
Asgard's Wrath,88,['PC'],"Oct 10, 2019",['Sanzaru'],Oculus Studios,['Action RPG']
A Short Hike,88,"['PC', 'Nintendo Switch', 'PlayStation 4', 'Xbox One']","Aug 18, 2020",['adamgryu'],Whippoorwill Limited,['Adventure']
XCOM 2: War of the Chosen,88,"['PlayStation 4', 'PC', 'Xbox One']","Aug 29, 2017",['Firaxis Games'],2K Games,['Turn-Based Tactics']
DUSK,88,"['PC', 'Nintendo Switch', 'PlayStation 4']","Dec 10, 2018",['New Blood Interactive'],New Blood Interactive,['FPS']
Call of Duty: Modern Warfare 3,88,"['Xbox 360', 'PlayStation 3', 'PC', 'Wii']","Nov 8, 2011","['Infinity Ward', 'Sledgehammer Games']",Activision,['FPS']
What Remains of Edith Finch,88,"['PlayStation 4', 'PC', 'Xbox One', 'Nintendo Switch', 'iOS (iPhone/iPad)', 'PlayStation 5', 'Xbox Series X']","Apr 25, 2017",['Giant Sparrow'],Annapurna Interactive,['First-Person Adventure']
Deus Ex: Human Revolution - Director's Cut,88,"['Wii U', 'Xbox 360', 'PlayStation 3', 'PC']","Oct 22, 2013",['Straight Right'],Square Enix,['Action Adventure']
Tetris Effect: Connected,88,"['Xbox One', 'Xbox Series X', 'PC', 'PlayStation 4', 'Nintendo Switch', 'PlayStation 5', 'Meta Quest']","Nov 10, 2020","['Monstars Inc.', 'Resonair']",Enhance Games,['Stacking Puzzle']
Dishonored,88,"['PlayStation 3', 'Xbox 360', 'PC']","Oct 9, 2012",['Arkane Studios'],Bethesda Softworks,['Action Adventure']
Crusader Kings II: The Old Gods,88,['PC'],"May 28, 2013",['Paradox Development Studio'],Paradox Interactive,['Real-Time Strategy']
Shogun Showdown,88,"['PC', 'Nintendo Switch', 'PlayStation 5', 'Xbox One', 'Xbox Series X', 'PlayStation 4']","Sep 5, 2024",['Roboatino'],Goblinz Studio,['Card Battle']
Cocoon,88,"['Xbox Series X', 'PC', 'Xbox One', 'Nintendo Switch', 'PlayStation 5', 'PlayStation 4']","Sep 29, 2023",['Geometric Interactive'],Annapurna Interactive,['Action Adventure']
Lorelei and the Laser Eyes,88,"['Nintendo Switch', 'PC']","May 16, 2024",['Simogo'],Annapurna Interactive,['Adventure']
Pinball FX 2: Marvel Pinball - Avengers Chronicles (2012),,['PC'],"May 10, 2013",['Zen Studios'],Microsoft Game Studios,['Pinball']
Mario Kart 8,88,['Wii U'],"May 30, 2014",['Nintendo'],Nintendo,['Auto Racing']
Super Mario Maker,88,"['Wii U', '3DS']","Sep 11, 2015",['Nintendo'],Nintendo,['2D Platformer']
The Binding of Isaac: Rebirth,88,"['PlayStation Vita', 'PC', 'PlayStation 4', '3DS', 'Xbox One', 'Wii U', 'iOS (iPhone/iPad)', 'Nintendo Switch']","Nov 4, 2014",['Nicalis'],Nicalis,"[""Top-Down Shoot-'Em-Up""]"
BioShock 2,88,"['PlayStation 3', 'PC', 'Xbox 360']","Feb 9, 2010",['2K Marin'],2K Games,['FPS']
Kerbal Space Program,88,"['PC', 'PlayStation 4', 'Xbox One', 'Wii U']","Jun 24, 2011",['Squad'],Squad,['Space Sim']
Ori and the Blind Forest: Definitive Edition,88,"['Xbox One', 'PC', 'Nintendo Switch']","Mar 11, 2016",['Moon Studios'],Microsoft Game Studios,['Metroidvania']
Streets of Rage 4: Mr. X Nightmare,88,"['Nintendo Switch', 'PC', 'PlayStation 4', 'Xbox One']","Jul 15, 2021",['Lizardcube'],DotEmu,"[""2D Beat-'Em-Up""]"
NieR: Automata,88,"['PlayStation 4', 'PC']","Mar 7, 2017",['PlatinumGames'],Square Enix,['Action RPG']
Rise of the Tomb Raider: 20 Year Celebration,88,"['PlayStation 4', 'PC', 'Xbox One']","Oct 11, 2016","['Crystal Dynamics', 'Nixxes Software']",Square Enix,['Linear Action Adventure']
Assassin's Creed IV: Black Flag,88,"['PlayStation 4', 'Xbox 360', 'PC', 'Wii U', 'PlayStation 3', 'Xbox One']","Oct 29, 2013",['Ubisoft'],Ubisoft,['Open-World Action']
The Last of Us: Left Behind,88,"['PlayStation 3', 'PlayStation 4']","Feb 14, 2014",['Naughty Dog'],SCEA,['Linear Action Adventure']
Far Cry 3,88,"['PlayStation 3', 'PC', 'Xbox 360', 'Xbox One', 'PlayStation 4']","Dec 4, 2012",['Ubisoft Montreal'],Ubisoft,['FPS']
Dead Cells: Return to Castlevania,88,"['PlayStation 4', 'Xbox One', 'Nintendo Switch', 'PC', 'PlayStation 5']","Mar 6, 2023",['Motion Twin'],Motion Twin,['Metroidvania']
Ratchet & Clank: Rift Apart,88,"['PlayStation 5', 'PC']","Jun 11, 2021",['Insomniac Games'],PlayStation Studios,['3D Platformer']
Star Wars Pinball: Balance of the Force,88,"['Xbox 360', 'PlayStation 3', 'PlayStation Vita', 'Wii U']","Oct 16, 2013",['Zen Studios'],Zen Studios,['Pinball']
Rogue Legacy 2,88,"['PC', 'Xbox Series X', 'Xbox One', 'Nintendo Switch', 'PlayStation 5', 'PlayStation 4']","Apr 28, 2022",['Cellar Door Games'],Cellar Door Games,['Roguelike']
NBA 2K17,88,"['Xbox One', 'PlayStation 4', 'PlayStation 3', 'Xbox 360', 'PC', 'iOS (iPhone/iPad)']","Sep 16, 2016",['Visual Concepts'],2K Games,['Basketball Sim']
Battlefield: Bad Company 2,88,"['Xbox 360', 'PlayStation 3', 'PC', 'iOS (iPhone/iPad)']","Mar 2, 2010",['EA DICE'],EA Games,['FPS']
Torchlight II,88,"['PC', 'Nintendo Switch', 'PlayStation 4', 'Xbox One']","Sep 20, 2012",['Runic Games'],Runic Games,['Action RPG']
XCOM 2,88,"['PC', 'PlayStation 4', 'Xbox One']","Feb 4, 2016",['Firaxis Games'],2K Games,['Turn-Based Tactics']
Dishonored 2,88,"['Xbox One', 'PlayStation 4', 'PC']","Nov 10, 2016",['Arkane Studios'],Bethesda Softworks,['Action Adventure']
Horizon Forbidden West,88,"['PlayStation 5', 'PlayStation 4']","Feb 18, 2022",['Guerrilla'],PlayStation Studios,['Open-World Action']
XCOM: Enemy Within,88,"['PlayStation 3', 'Xbox 360', 'iOS (iPhone/iPad)']","Nov 12, 2013",['Firaxis Games'],2K Games,['Turn-Based Tactics']
Divinity: Original Sin Enhanced Edition,88,"['Xbox One', 'PC', 'PlayStation 4']","Oct 27, 2015",['Larian Studios Games'],Focus Home Interactive,['Western RPG']
Injustice 2: Legendary Edition,88,"['PlayStation 4', 'PC', 'Xbox One']","Mar 27, 2018",['NetherRealm Studios'],Warner Bros. Interactive Entertainment,['2D Fighting']
Fire Emblem Fates: Special Edition,88,['3DS'],"Feb 19, 2016",['Intelligent Systems'],Nintendo,['Turn-Based Tactics']
Pinball FX 2,88,"['Xbox 360', 'PC', 'Xbox One']","Oct 27, 2010",['Zen Studios'],Microsoft Game Studios,['Pinball']
NHL 11,88,"['PlayStation 3', 'Xbox 360']","Sep 7, 2010",['Electronic Arts'],Electronic Arts,['Hockey Sim']
It Takes Two,88,"['PC', 'PlayStation 4', 'Xbox One', 'PlayStation 5', 'Xbox Series X', 'Nintendo Switch']","Mar 26, 2021",['Hazelight'],Electronic Arts,['Linear Action Adventure']
Pokemon Y,88,['3DS'],"Oct 12, 2013",['Game Freak'],Nintendo,['Trainer RPG']
Deathloop,88,"['PC', 'PlayStation 5', 'Xbox Series X']","Sep 14, 2021",['Arkane Studios'],Bethesda Softworks,['FPS']
Ori and the Blind Forest,88,"['Xbox One', 'PC', 'Xbox 360']","Mar 11, 2015",['Moon Studios'],Microsoft Game Studios,['Metroidvania']
The Talos Principle 2,88,"['Xbox Series X', 'PlayStation 5', 'PC']","Nov 2, 2023",['Croteam'],Devolver Digital,['First-Person Adventure']
Thirty Flights of Loving,88,['PC'],"Aug 20, 2012",['Blendo Games'],Blendo Games,['First-Person Adventure']
The Witcher 2: Assassins of Kings,88,"['PC', 'Xbox 360']","Apr 17, 2012",['CD Projekt Red Studio'],Warner Bros. Interactive Entertainment,['Action RPG']
Hearthstone: Heroes of Warcraft,88,"['PC', 'iOS (iPhone/iPad)']","Mar 11, 2014",['Blizzard Entertainment'],Blizzard Entertainment,['Card Battle']
Unity of Command II,88,['PC'],"Nov 12, 2019",['2x2 Games'],2x2 Games,['4X Strategy']
Metroid Dread,88,['Nintendo Switch'],"Oct 8, 2021","['Nintendo', 'Mercury Steam']",Nintendo,['Metroidvania']
Super Mario Maker 2,88,['Nintendo Switch'],"Jun 28, 2019",['Nintendo'],Nintendo,['2D Platformer']
The Stanley Parable,88,['PC'],"Oct 17, 2013",['Davey Wreden'],Galactic Cafe,['First-Person Adventure']
God of War: Ragnarok - Valhalla,88,"['PlayStation 5', 'PlayStation 4']","Dec 12, 2023",['SCE Santa Monica'],PlayStation Studios,['Action Adventure']
Guacamelee! Gold Edition,88,['PC'],"Aug 8, 2013",['DrinkBox Studios'],DrinkBox Studios,['Metroidvania']
Monster Hunter Rise,88,"['Nintendo Switch', 'PC', 'PlayStation 5', 'Xbox Series X', 'PlayStation 4', 'Xbox One']","Mar 26, 2021",['Capcom'],Capcom,['Action RPG']
Fire Emblem Fates: Revelation,88,['3DS'],"Mar 10, 2016",['Intelligent Systems'],Nintendo,['Turn-Based Tactics']
Sid Meier's Civilization VI,88,"['PC', 'iOS (iPhone/iPad)', 'Nintendo Switch', 'PlayStation 4', 'Xbox One']","Oct 20, 2016",['Firaxis Games'],2K Games,['4X Strategy']
Battlefield 1,88,"['Xbox One', 'PlayStation 4', 'PC']","Oct 21, 2016",['EA DICE'],EA Games,['Tactical FPS']
Paper Mario: The Thousand-Year Door,88,['Nintendo Switch'],"May 23, 2024",['Intelligent Systems'],Nintendo,['JRPG']
Starcraft II: Legacy of the Void,88,['PC'],"Nov 10, 2015",['Blizzard Entertainment'],Blizzard Entertainment,['Command RTS']
Diablo III,88,"['PlayStation 3', 'PC', 'Xbox 360']","May 15, 2012",['Blizzard Entertainment'],Blizzard Entertainment,['Action RPG']
Resident Evil 4: Separate Ways,88,"['PlayStation 4', 'PlayStation 5', 'Xbox Series X', 'PC']","Sep 21, 2023",['Capcom'],Capcom,['Survival']
Diablo III: Eternal Collection,88,"['Xbox One', 'PlayStation 4', 'Nintendo Switch']","Nov 2, 2018",['Iron Galaxy Studios'],Blizzard Entertainment,['Action RPG']
Tactical Breach Wizards,88,['PC'],"Aug 22, 2024",['Suspicious Developments'],Suspicious Developments,['Turn-Based Tactics']
SteamWorld Dig 2,88,"['Nintendo Switch', 'PC', 'PlayStation 4', 'PlayStation Vita', '3DS', 'Xbox One']","Sep 21, 2017",['Image & Form'],Image & Form,['Metroidvania']
FIFA Soccer 11,88,"['iOS (iPhone/iPad)', 'PlayStation 3', 'PC', 'Xbox 360', 'Wii', 'PSP', 'PlayStation 2', 'DS']","Sep 28, 2010",['EA Sports'],Electronic Arts,['Soccer Sim']
LittleBigPlanet PS Vita,88,['PlayStation Vita'],"Sep 18, 2012","['Tarsier Studios', 'Double Eleven']",SCEA,['3D Platformer']
World of Warcraft: Legion,88,['PC'],"Aug 29, 2016",['Blizzard Entertainment'],Blizzard Entertainment,['MMORPG']
Pillars of Eternity II: Deadfire,88,"['PC', 'PlayStation 4', 'Xbox One', 'Nintendo Switch']","May 8, 2018",['Obsidian Entertainment'],Versus Evil,['Western RPG']
DOOM Eternal,88,"['PlayStation 4', 'Xbox One', 'PC', 'Nintendo Switch', 'PlayStation 5', 'Xbox Series X']","Mar 20, 2020",['id Software'],Bethesda Softworks,['FPS']
Art of Balance,88,"['Wii', 'Wii U', 'PlayStation 4', 'Nintendo Switch', '3DS']","Feb 15, 2010","[""Shin'en""]",Shin'en,['Puzzle']
Joe Danger: Special Edition,88,['Xbox 360'],"Dec 14, 2011",['Hello Games'],Microsoft Game Studios,['Auto Racing']
HYPER DEMON,88,['PC'],"Sep 19, 2022",['Sorath'],Sorath,['Action']
Cave Story Plus,88,"['Nintendo Switch', 'PC']","Jun 20, 2017",['Nicalis'],Nicalis,['Metroidvania']
Owlboy,88,"['PC', 'Nintendo Switch', 'PlayStation 4', 'Xbox One']","Nov 1, 2016",['D-Pad Studio'],D-Pad Studio,['Action Adventure']
The Talos Principle: Deluxe Edition,88,"['PlayStation 4', 'Xbox One', 'Nintendo Switch']","Oct 13, 2015",['Croteam'],Devolver Digital,['First-Person Adventure']
Battlefield: Bad Company 2 Vietnam,88,"['PlayStation 3', 'Xbox 360', 'PC']","Dec 21, 2010",['EA DICE'],EA Games,['FPS']
MULLET MADJACK,88,['PC'],"May 15, 2024",['HAMMER95'],HAMMER95,['FPS']
Night in the Woods,88,"['PC', 'PlayStation 4', 'Xbox One', 'Nintendo Switch', 'iOS (iPhone/iPad)', 'PlayStation 5']","Feb 21, 2017",['Infinite Fall'],Finji,['Adventure']
Need for Speed: Hot Pursuit,88,"['Xbox 360', 'PlayStation 3', 'Wii', 'PC', 'iOS (iPhone/iPad)']","Nov 16, 2010",['Criterion Games'],Electronic Arts,['Auto Racing']
Nex Machina: Death Machine,88,"['PlayStation 4', 'PC']","Jun 20, 2017",['Housemarque'],Sony Interactive Entertainment,"[""Top-Down Shoot-'Em-Up""]"
Nioh,88,"['PlayStation 3', 'PlayStation 4']","Feb 7, 2017",['Team Ninja'],Sony Interactive Entertainment,['Action RPG']
Animal Crossing: New Leaf,88,['3DS'],"Jun 9, 2013",['Nintendo'],Nintendo,['Virtual Life']
Mortal Kombat 11 Ultimate,88,"['PlayStation 4', 'PlayStation 5', 'Xbox One', 'Xbox Series X', 'Nintendo Switch', 'PC']","Nov 17, 2020",['NetherRealm Studios'],Warner Bros. Games,['2D Fighting']
NBA 2K13,88,"['PlayStation 3', 'PC', 'PSP', 'Wii', 'Xbox 360', 'Wii U', 'iOS (iPhone/iPad)']","Oct 2, 2012",['Visual Concepts'],2K Sports,['Basketball Sim']
Rocksmith 2014 Edition,87,"['Xbox 360', 'PlayStation 3', 'PC', 'PlayStation 4', 'Xbox One']","Oct 22, 2013",['Ubisoft'],Ubisoft,['Rhythm']
Guacamelee! Super Turbo Championship Edition,87,"['PlayStation 4', 'Wii U', 'Xbox 360', 'Xbox One', 'PC', 'Nintendo Switch']","Jul 1, 2014",['DrinkBox Studios'],DrinkBox Studios,['Metroidvania']
Subnautica,87,"['PC', 'Xbox One', 'PlayStation 4', 'Nintendo Switch', 'iOS (iPhone/iPad)', 'PlayStation 5']","Jan 23, 2018",['Unknown Worlds Entertainment'],Unknown Worlds Entertainment,['Sandbox']
Devil May Cry 5,87,"['PlayStation 4', 'Xbox One', 'PC']","Mar 8, 2019",['Capcom'],Capcom,['Action Adventure']
Halo 4,87,"['Xbox 360', 'PC']","Nov 6, 2012",['343 Industries'],Microsoft Game Studios,['FPS']
Final Fantasy XIV: Stormblood,87,"['PlayStation 4', 'PC']","Jun 20, 2017",['Square Enix'],Square Enix,['MMORPG']
Bloodborne: The Old Hunters,87,['PlayStation 4'],"Nov 24, 2015",['From Software'],SCEA,['Action RPG']
Hitman 3,87,"['PlayStation 5', 'Xbox Series X', 'Xbox One', 'PlayStation 4', 'PC', 'Nintendo Switch']","Jan 20, 2021",['Io Interactive'],Io Interactive,['Action Adventure']
Persona 3 Reload,87,"['Xbox Series X', 'PC', 'Xbox One', 'PlayStation 4', 'PlayStation 5']","Feb 2, 2024",['P-Studio'],Sega,['JRPG']
Injustice 2,87,"['PlayStation 4', 'Xbox One', 'iOS (iPhone/iPad)', 'PC']","May 16, 2017",['NetherRealm Studios'],Warner Bros. Interactive Entertainment,['2D Fighting']
Ghost of Tsushima: Director's Cut,87,"['PlayStation 4', 'PlayStation 5', 'PC']","Aug 20, 2021",['Sucker Punch'],PlayStation Studios,['Open-World Action']
The Witness,87,"['PC', 'PlayStation 3', 'Xbox 360', 'PlayStation 4', 'iOS (iPhone/iPad)', 'Xbox One']","Jan 26, 2016","['Thekla, Inc']","Thekla, Inc",['First-Person Adventure']
The Nioh Collection,87,"['PlayStation 5', 'PlayStation 4']","Feb 5, 2021",['Team Ninja'],Sony Interactive Entertainment,['Compilation']
Final Fantasy VII Remake,87,['PlayStation 4'],"Apr 10, 2020",['Square Enix'],Square Enix,['Action RPG']
Pokemon White Version,87,['DS'],"Mar 6, 2011",['Game Freak'],Nintendo,['Trainer RPG']
Dragon Quest IX: Sentinels of the Starry Skies,87,['DS'],"Jul 11, 2010",['Level 5'],Nintendo,['JRPG']
Pokemon X,87,['3DS'],"Oct 12, 2013",['Game Freak'],Nintendo,['Trainer RPG']
RimWorld,87,['PC'],"Oct 17, 2018",['Ludeon Studios'],Ludeon Studios,['Real-Time Strategy']
Street Fighter V: Arcade Edition,87,"['PlayStation 4', 'PC']","Jan 16, 2018",['Capcom'],Capcom,['2D Fighting']
Sea of Stars,87,"['PC', 'Nintendo Switch', 'PlayStation 4', 'PlayStation 5', 'Xbox Series X', 'Xbox One']","Aug 29, 2023",['Sabotage Studio'],Sabotage Studio,['JRPG']
Astral Chain,87,['Nintendo Switch'],"Aug 30, 2019",['PlatinumGames'],Nintendo,['Action Adventure']
Crypt of the NecroDancer,87,"['PC', 'PlayStation Vita', 'PlayStation 4', 'iOS (iPhone/iPad)', 'Xbox One', 'Nintendo Switch']","Apr 23, 2015",['Brace Yourself Games'],Brace Yourself Games,['Rhythm']
Guilty Gear -Strive-,87,"['PlayStation 4', 'PlayStation 5', 'PC', 'Xbox Series X', 'Xbox One']","Jun 8, 2021",['Arc System Works'],Arc System Works,['2D Fighting']
Shin Megami Tensei V: Vengeance,87,"['Nintendo Switch', 'PlayStation 4', 'PlayStation 5', 'PC', 'Xbox Series X', 'Xbox One']","Jun 14, 2024",['Atlus'],Sega,['JRPG']
Legends of Runeterra,87,"['iOS (iPhone/iPad)', 'PC']","Apr 29, 2020",['Riot Games'],Riot Games,['Card Battle']
Pokemon Sun,87,['3DS'],"Nov 18, 2016",['Game Freak'],Nintendo,['Trainer RPG']
Five Nights at Freddy's: Into the Pit,87,"['PC', 'Nintendo Switch', 'PlayStation 5', 'Xbox Series X', 'Xbox One', 'PlayStation 4']","Aug 8, 2024",['Mega Cat Studios'],Mega Cat Studios,['Action Adventure']
Heavy Rain,87,"['PlayStation 3', 'PlayStation 4', 'PC']","Feb 23, 2010",['Quantic Dream'],SCEA,['Third-Person Adventure']
Tactics Ogre: Let Us Cling Together,87,"['PlayStation', 'PSP']","Feb 14, 2011",['Square Enix'],Square Enix,['Turn-Based Tactics']
Pikmin 4,87,"['Wii U', 'Nintendo Switch']","Jul 21, 2023",['Nintendo'],Nintendo,['Real-Time Strategy']
Kentucky Route Zero: TV Edition,87,"['Nintendo Switch', 'PlayStation 4', 'Xbox One', 'PlayStation 5', 'Xbox Series X']","Jan 28, 2020",['Cardboard Computer'],Annapurna Interactive,['Adventure']
Final Fantasy XVI,87,"['PlayStation 5', 'PC']","Jun 22, 2023",['Creative Business Unit III'],Square Enix,['Action RPG']
Uncharted: Legacy of Thieves Collection,87,"['PlayStation 5', 'PC', 'PlayStation 4']","Jan 28, 2022",['Naughty Dog'],PlayStation Studios,['Compilation']
Gran Turismo 7,87,"['PlayStation 5', 'PlayStation 4']","Mar 4, 2022",['Polyphony Digital'],PlayStation Studios,['Auto Racing Sim']
Mass Effect 2: Lair of the Shadow Broker,87,"['Xbox 360', 'PC']","Sep 7, 2010",['BioWare'],Electronic Arts,['Western RPG']
DiRT 3,87,"['PlayStation 3', 'Xbox 360', 'PC']","May 24, 2011",['Codemasters'],Codemasters,['Auto Racing Sim']
The Swapper,87,"['PC', 'PlayStation 4', 'PlayStation 3', 'PlayStation Vita', 'Wii U', 'Xbox One']","May 30, 2013",['Facepalm Games'],Facepalm Games,['Metroidvania']
Pokemon SoulSilver Version,87,['DS'],"Mar 14, 2010",['Game Freak'],Nintendo,['Trainer RPG']
Dragon Ball FighterZ,87,"['Xbox One', 'PlayStation 4', 'PC', 'Nintendo Switch', 'PlayStation 5', 'Xbox Series X']","Jan 26, 2018",['Arc System Works'],Bandai Namco Games,['2D Fighting']
The Legend of Zelda: Link's Awakening,87,['Nintendo Switch'],"Sep 20, 2019",['GREZZO'],Nintendo,['Open-World Action']
Mini Motorways,87,"['PC', 'iOS (iPhone/iPad)', 'Nintendo Switch']","Jul 20, 2021",['Dinosaur Polo Club'],Dinosaur Polo Club,['Management']
Batman: Arkham Knight,87,"['PlayStation 4', 'Xbox One', 'PC', 'Nintendo Switch']","Jun 23, 2015",['Rocksteady Studios'],Warner Bros. Interactive Entertainment,['Open-World Action']
Mario Kart 8 DLC Pack 1,87,['Wii U'],"Nov 13, 2014",['Nintendo'],Nintendo,['Auto Racing']
Immortality,87,"['PC', 'Xbox Series X', 'PlayStation 5', 'iOS (iPhone/iPad)']","Aug 30, 2022",['Sam Barlow'],Half Mermaid,['Adventure']
Red Dead Redemption: Undead Nightmare Pack,87,"['Xbox 360', 'PlayStation 3', 'PC']","Oct 26, 2010",['Rockstar San Diego'],Rockstar Games,['Open-World Action']
Marvel's Spider-Man,87,['PlayStation 4'],"Sep 7, 2018",['Insomniac Games'],Sony Interactive Entertainment,['Open-World Action']
Pokemon Moon,87,['3DS'],"Nov 18, 2016",['Game Freak'],Nintendo,['Trainer RPG']
Battlefield 3: Armored Kill,87,"['Xbox 360', 'PlayStation 3', 'PC']","Sep 11, 2012",['EA DICE'],Electronic Arts,['Tactical FPS']
Forza Motorsport 6,87,"['Xbox One', 'PC']","Sep 15, 2015",['Turn 10'],Microsoft Game Studios,['Auto Racing Sim']
Donkey Kong Country Returns,87,"['Wii', '3DS']","Nov 21, 2010",['Retro Studios'],Nintendo,['2D Platformer']
Call of Duty: Black Ops,87,"['PC', 'PlayStation 3', 'Xbox 360', 'Wii', 'DS']","Nov 9, 2010",['Treyarch'],Activision,['Tactical FPS']
Fire Emblem Fates: Conquest,87,['3DS'],"Feb 19, 2016",['Intelligent Systems'],Nintendo,['Turn-Based Tactics']
TowerFall Ascension,87,"['Nintendo Switch', 'PC', 'PlayStation 4', 'PlayStation Vita', 'Xbox One']","Mar 11, 2014",['Maddy Thorson'],Maddy Makes Games,['2D Platformer']
Tearaway,87,['PlayStation Vita'],"Nov 22, 2013",['Media Molecule'],SCEA,['3D Platformer']
Theatrhythm Final Bar Line,87,"['Nintendo Switch', 'PlayStation 4']","Feb 16, 2023",['indieszero'],Square Enix,['Rhythm']
MLB 13: The Show,87,"['PlayStation 3', 'PlayStation Vita']","Mar 5, 2013",['SCEA San Diego Studios'],SCEA,['Baseball Sim']
Psychonauts 2,87,"['PC', 'PlayStation 4', 'Xbox One', 'Xbox Series X']","Aug 25, 2021",['Double Fine Productions'],Xbox Game Studios,['3D Platformer']
Raw Data,87,"['PC', 'PlayStation 4']","Oct 2, 2017",['Survios'],Survios,['FPS']
Pokemon HeartGold Version,87,['DS'],"Mar 14, 2010",['Game Freak'],Nintendo,['Trainer RPG']
Astral Ascent,87,"['PC', 'Nintendo Switch', 'PlayStation 5', 'PlayStation 4']","Nov 14, 2023",['Hibernian Workshop'],Hibernian Workshop,['2D Platformer']
Diablo III: Reaper of Souls,87,['PC'],"Mar 25, 2014",['Blizzard Entertainment'],Blizzard Entertainment,['Action RPG']
Pro Evolution Soccer 2016,87,"['PlayStation 3', 'Xbox One', 'Xbox 360', 'PlayStation 4', 'PC']","Sep 15, 2015",['Konami'],Konami,['Soccer Sim']
Zero Escape: The Nonary Games,87,"['PlayStation 4', 'PlayStation Vita', 'PC', 'Xbox One']","Mar 24, 2017",['Spike Chunsoft'],Aksys Games,['Compilation']
MLB 12: The Show,87,"['PlayStation 3', 'PlayStation Vita']","Mar 6, 2012",['SCEA San Diego Studios'],SCEA,['Baseball Sim']
Pokemon Black Version,87,['DS'],"Mar 6, 2011",['Game Freak'],Nintendo,['Trainer RPG']
Final Fantasy VI Pixel Remaster,87,"['PC', 'iOS (iPhone/iPad)', 'Nintendo Switch', 'PlayStation 4', 'Xbox Series X']","Feb 23, 2022",['TOSE'],Square Enix,['JRPG']
Mass Effect Legendary Edition,87,"['PlayStation 4', 'Xbox One', 'PC', 'Xbox Series X']","May 14, 2021",['BioWare'],Electronic Arts,['Compilation']
Wolfenstein II: The New Colossus,87,"['PC', 'PlayStation 4', 'Xbox One', 'Nintendo Switch']","Oct 27, 2017",['MachineGames'],Bethesda Softworks,['FPS']
Odin Sphere Leifthrasir,87,"['PlayStation 3', 'PlayStation 4', 'PlayStation Vita']","Jun 7, 2016",['Vanillaware'],Atlus,['Action RPG']
Grindstone,87,"['iOS (iPhone/iPad)', 'Nintendo Switch', 'PC', 'PlayStation 5', 'Xbox Series X', 'PlayStation 4']","Dec 15, 2020",['Capy Games'],Capy Games,['Matching Puzzle']
Divinity: Original Sin,87,['PC'],"Jun 30, 2014",['Larian Studios Games'],Larian Studios Games,['Western RPG']
Unavowed,87,"['PC', 'Nintendo Switch']","Aug 8, 2018",['Wadjet Eye Games'],Wadjet Eye Games,['Point-and-Click']
OutRun,87,"['3DS', 'PC', 'PlayStation 2', 'Nintendo Switch']","Mar 12, 2015",['M2'],Sega,['Auto Racing']
Katamari Damacy REROLL,87,"['Nintendo Switch', 'PC', 'PlayStation 4', 'Xbox One', 'Xbox Series X']","Dec 7, 2018",['Bandai Namco Games'],Bandai Namco Games,['Action Adventure']
Rayman Origins,87,"['Xbox 360', '3DS', 'PlayStation 3', 'PlayStation Vita', 'Wii', 'PC']","Nov 15, 2011",['UBlart Montpellier'],Ubisoft,['2D Platformer']
Return to Monkey Island,87,"['PC', 'Nintendo Switch', 'Xbox Series X', 'PlayStation 5', 'iOS (iPhone/iPad)']","Sep 19, 2022",['Terrible Toybox'],Devolver Digital,['Point-and-Click']
Sin & Punishment: Star Successor,87,['Wii'],"Jun 27, 2010",['Treasure'],Nintendo,['Rail Shooter']
Forza Horizon 3: Blizzard Mountain,87,"['Xbox One', 'PC']","Dec 13, 2016",['Playground Games'],Microsoft Game Studios,['Auto Racing Sim']
Velocity,87,['PSP'],"May 1, 2012",['FuturLab'],FuturLab,"[""Vertical Shoot-'Em-Up""]"
Spelunky,87,"['PlayStation Vita', 'Xbox 360', 'PC', 'PlayStation 3', 'PlayStation 4', 'Nintendo Switch']","Jul 4, 2012",['Mossmouth'],Microsoft Game Studios,['2D Platformer']
The Crimson Diamond,87,['PC'],"Aug 15, 2024",['Julia Minamata'],Julia Minamata,['Text Adventure']
The Making of Karateka,87,"['PC', 'PlayStation 5', 'PlayStation 4', 'Xbox Series X', 'Xbox One', 'Nintendo Switch']","Aug 29, 2023",['Digital Eclipse'],Digital Eclipse,['Miscellaneous']
Pinball FX 2: Star Wars Pinball,87,"['Xbox 360', 'PC']","Feb 27, 2013",['Zen Studios'],Microsoft Game Studios,['Pinball']
Minishoot' Adventures,87,['PC'],"Apr 2, 2024",['SoulGame Studio'],SoulGame Studio,"[""Top-Down Shoot-'Em-Up""]"
Dark Souls II: Scholar of the First Sin,87,"['PlayStation 4', 'PlayStation 3', 'Xbox One', 'PC', 'Xbox 360']","Apr 7, 2015",['From Software'],Bandai Namco Games,['Action RPG']
Europa Universalis IV,87,['PC'],"Aug 13, 2013",['Paradox Development Studio'],Paradox Interactive,['Real-Time Strategy']
Sonic Mania Plus,87,"['Xbox One', 'Nintendo Switch', 'PlayStation 4', 'PC', 'iOS (iPhone/iPad)']","Jul 17, 2018",['Sega'],Sega,['2D Platformer']
NBA 2K16,87,"['Xbox 360', 'PlayStation 4', 'Xbox One', 'PlayStation 3', 'PC', 'iOS (iPhone/iPad)']","Sep 25, 2015",['Visual Concepts'],2K Sports,['Basketball Sim']
Pikmin 3,87,['Wii U'],"Aug 4, 2013",['Nintendo'],Nintendo,['Real-Time Strategy']
Sunless Skies,87,['PC'],"Jan 31, 2019",['Failbetter Games'],Failbetter Games,['RPG']
Total War: WARHAMMER II,87,['PC'],"Sep 28, 2017",['Creative Assembly'],Sega,['Real-Time Tactics']
Tales of Arise,87,"['Xbox One', 'PC', 'PlayStation 4', 'PlayStation 5', 'Xbox Series X']","Sep 10, 2021",['Bandai Namco Games'],Bandai Namco Games,['Action RPG']
Spelunky 2,87,"['PlayStation 4', 'PC', 'Nintendo Switch', 'Xbox One', 'Xbox Series X']","Sep 15, 2020","['Mossmouth', 'Bitworks']",Mossmouth,['2D Platformer']
Hi-Fi Rush,87,"['Xbox Series X', 'PC', 'PlayStation 5']","Jan 25, 2023",['Tango Gameworks'],Bethesda Softworks,['Action Adventure']
Velocity Ultra,87,"['PlayStation Vita', 'PlayStation 3', 'PC']","Jul 2, 2013",['FuturLab'],FuturLab,"[""Vertical Shoot-'Em-Up""]"
There is no game : Wrong dimension,87,"['iOS (iPhone/iPad)', 'PC', 'Nintendo Switch']","Apr 14, 2021",['Draw Me A Pixel'],Draw Me A Pixel,['Point-and-Click']
Forza Horizon 3: Hot Wheels,87,"['Xbox One', 'PC']","May 9, 2017",['Playground Games'],Microsoft Game Studios,['Auto Racing Sim']
Marvel's Spider-Man Remastered,87,"['PC', 'PlayStation 5']","Aug 12, 2022",['Nixxes Software'],PlayStation PC,['Open-World Action']
Hex: Shards of Fate,87,['PC'],"Apr 19, 2016",['Hex Entertainment'],Gameforge,['Card Battle']
World of Warcraft: Warlords of Draenor,87,['PC'],"Nov 13, 2014",['Blizzard Entertainment'],Blizzard Entertainment,['MMORPG']
Turbo Overkill,87,"['PC', 'PlayStation 5', 'Xbox Series X', 'Nintendo Switch', 'PlayStation 4', 'Xbox One']","Jul 18, 2023",['Trigger Happy Interactive'],Apogee Entertainment,['FPS']
Halo Infinite,87,"['Xbox One', 'PC', 'Xbox Series X']","Nov 15, 2021",['343 Industries'],Xbox Game Studios,['FPS']
Fallout 4,87,"['PlayStation 4', 'Xbox One', 'PC', 'PlayStation 5', 'Xbox Series X']","Nov 10, 2015",['Bethesda Game Studios'],Bethesda Softworks,['Western RPG']
Teenage Mutant Ninja Turtles: Shredder's Revenge - Dimension Shellshock,87,"['Xbox One', 'PlayStation 5', 'Nintendo Switch', 'PC', 'PlayStation 4', 'Xbox Series X']","Aug 31, 2023",['Tribute Games'],DotEmu,"[""2D Beat-'Em-Up""]"
Tales From The Borderlands: Episode 5 - The Vault of the Traveler,86,"['PlayStation 4', 'PlayStation 3', 'PC', 'Xbox One', 'iOS (iPhone/iPad)', 'Xbox 360']","Oct 20, 2015",['Telltale Games'],Telltale Games,['Adventure']
Gone Home,86,"['PC', 'PlayStation 3', 'Xbox 360', 'Wii U', 'Nintendo Switch', 'iOS (iPhone/iPad)', 'Xbox One', 'PlayStation 4']","Aug 15, 2013",['The Fullbright Company'],The Fullbright Company,['First-Person Adventure']
Bustafellows,86,"['iOS (iPhone/iPad)', 'Nintendo Switch', 'PC']","Jul 30, 2021",['eXtend'],PQube,['Visual Novel']
The Last Friend,86,"['Nintendo Switch', 'PC']","Apr 7, 2022",['Stonebot Studio'],Skystone Games,['Defense']
Pac-Man Championship Edition DX +,93,"['Xbox 360', 'PlayStation 3', 'iOS (iPhone/iPad)']","Nov 17, 2010",['Namco Bandai Games'],Namco Bandai Games,['Arcade']
Kirby's Epic Yarn,86,['Wii'],"Oct 17, 2010",['Good-Feel'],Nintendo,['2D Platformer']
Uncharted: The Nathan Drake Collection,86,['PlayStation 4'],"Oct 9, 2015",['Bluepoint Games'],SCEA,['Compilation']
Marvel vs. Capcom Fighting Collection: Arcade Classics,86,"['Nintendo Switch', 'PC', 'PlayStation 4', 'Xbox One']","Sep 12, 2024",['Capcom'],Capcom,['Compilation']
The Great Ace Attorney Chronicles,86,"['3DS', 'Nintendo Switch', 'PC', 'PlayStation 4']","Jul 27, 2021",['Capcom'],Capcom,['Compilation']
Mario Kart 8 Deluxe: Booster Course Pass - Wave 4,86,['Nintendo Switch'],"Mar 9, 2023",['Nintendo'],Nintendo,['Auto Racing']
Total War: Shogun 2 - Fall of the Samurai,86,['PC'],"Mar 22, 2012",['Creative Assembly'],Sega,['Turn-Based Strategy']
Minds Beneath Us,86,"['PC', 'Nintendo Switch']","Jul 31, 2024",['BearBoneStudio'],BearBoneStudio,['Adventure']
Football Manager 2013,86,['PC'],"Nov 1, 2012",['Sports Interactive'],Sega,['Soccer Management']
Out of the Park Baseball 14,86,['PC'],"Apr 15, 2013",['Out Of The Park Developments'],Out Of The Park Developments,['Baseball Sim']
Overboard!,86,"['PC', 'Nintendo Switch', 'iOS (iPhone/iPad)']","Jun 2, 2021",['inkle'],inkle,['Adventure']
F1 2017,86,"['Xbox One', 'PlayStation 4', 'PC']","Aug 25, 2017",['Codemasters'],Codemasters,['Auto Racing Sim']
Astebreed,86,"['PC', 'PlayStation 4', 'Nintendo Switch']","May 30, 2014",['Edelweiss'],Active Gaming Media,"[""Horizontal Shoot-'Em-Up""]"
Unicorn Overlord,86,"['Nintendo Switch', 'PlayStation 5', 'PlayStation 4', 'Xbox Series X']","Mar 8, 2024",['Vanillaware'],Sega,['Real-Time Tactics']
Cuphead,86,"['Xbox One', 'PC', 'Nintendo Switch', 'PlayStation 4']","Sep 29, 2017",['Studio MDHR'],Studio MDHR,['2D Platformer']
Velocity 2X,86,"['PlayStation Vita', 'PlayStation 4', 'Xbox One', 'PC', 'Nintendo Switch']","Sep 2, 2014",['FuturLab'],FuturLab,"[""Top-Down Shoot-'Em-Up""]"
Killer Instinct Season 3,86,['Xbox One'],"Mar 29, 2016",['Iron Galaxy Studios'],Microsoft Game Studios,['2D Fighting']
The Messenger,86,"['PC', 'PlayStation 4', 'Xbox One', 'Nintendo Switch']","Aug 30, 2018",['Sabotage Studio'],Devolver Digital,['Metroidvania']
Kentucky Route Zero,86,['PC'],"Feb 22, 2013",['Cardboard Computer'],Cardboard Computer,['Adventure']
Diablo IV,86,"['PC', 'PlayStation 4', 'Xbox One', 'Xbox Series X', 'PlayStation 5']","Jun 6, 2023",['Blizzard Entertainment'],Blizzard Entertainment,['Action RPG']
Vampire Survivors,86,"['PC', 'Xbox Series X', 'Xbox One', 'iOS (iPhone/iPad)', 'Nintendo Switch', 'PlayStation 4', 'PlayStation 5']","Oct 20, 2022",['poncle'],poncle,"[""Top-Down Shoot-'Em-Up""]"
Total War: WARHAMMER,86,['PC'],"May 24, 2016",['Creative Assembly'],Sega,['Turn-Based Strategy']
F1 2020,86,"['PlayStation 4', 'Xbox One', 'PC']","Jul 6, 2020",['Codemasters'],Codemasters,['Auto Racing Sim']
Monster Hunter Rise: Sunbreak,86,"['PC', 'Nintendo Switch', 'Xbox Series X', 'PlayStation 4', 'PlayStation 5', 'Xbox One']","Jun 30, 2022",['Capcom'],Capcom,['Action RPG']
Monster Boy and the Cursed Kingdom,86,"['PC', 'Xbox One', 'PlayStation 4', 'Nintendo Switch', 'PlayStation 5', 'Xbox Series X']","Dec 4, 2018",['FDG Entertainment'],FDG Entertainment,['Metroidvania']
Saints Row IV,86,"['PC', 'Xbox 360', 'PlayStation 3']","Aug 19, 2013",['Volition Inc.'],Deep Silver,['Open-World Action']
Monster Hunter 4 Ultimate,86,['3DS'],"Feb 13, 2015",['Capcom'],Capcom,['Action RPG']
Dragon Quest Builders 2,86,"['Nintendo Switch', 'PlayStation 4', 'PC', 'Xbox One']","Jul 12, 2019",['Omega Force'],Square Enix,['Sandbox']
Steins;Gate Elite,86,"['PlayStation Vita', 'PlayStation 4', 'Nintendo Switch', 'PC']","Feb 19, 2019",['Mages.'],Spike Chunsoft,['Visual Novel']
Fluidity,86,['Wii'],"Dec 6, 2010",['Curve Studios'],Nintendo,['2D Platformer']
Destiny 2: The Witch Queen,86,"['PlayStation 4', 'PC', 'Xbox One', 'PlayStation 5', 'Xbox Series X']","Feb 22, 2022",['Bungie'],Bungie,['FPS']
Titanfall,86,"['Xbox One', 'Xbox 360', 'PC']","Mar 11, 2014",['Respawn Entertainment'],Electronic Arts,['FPS']
Picross 3D: Round 2,86,['3DS'],"Sep 1, 2016",['HAL Labs'],Nintendo,['Logic Puzzle']
Tomb Raider,86,"['PC', 'Xbox 360', 'PlayStation 3']","Mar 5, 2013",['Crystal Dynamics'],Square Enix,['Linear Action Adventure']
Tribes: Ascend,86,['PC'],"Apr 12, 2012",['Hi-Rez Studios'],Hi-Rez Studios,['FPS']
Asgard's Wrath 2,86,['Meta Quest'],"Dec 15, 2023",['Sanzaru Games'],Oculus Studios,['Action Adventure']
Borderlands 2: Tiny Tina's Assault on Dragon Keep,86,"['Xbox 360', 'PlayStation 3', 'PC']","Jun 25, 2013",['Gearbox Software'],2K Games,['FPS']
Ni no Kuni: Wrath of the White Witch Remastered,86,"['PlayStation 4', 'PC', 'Xbox Series X', 'Xbox One']","Sep 20, 2019",['QLOC'],Bandai Namco Games,['JRPG']
Guilty Gear Xrd -REVELATOR-,86,"['PlayStation 4', 'PlayStation 3', 'PC']","Jun 7, 2016",['Arc System Works'],Aksys Games,['2D Fighting']
Anonymous;Code,86,"['PlayStation 4', 'PlayStation Vita', 'Nintendo Switch', 'PC']","Sep 8, 2023",['5pb'],Spike Chunsoft,['Visual Novel']
Pinball FX 2: Marvel Pinball,86,"['PC', 'Xbox 360']","Dec 8, 2010",['Zen Studios'],Zen Studios,['Pinball']
God of War: Ghost of Sparta,86,"['PSP', 'PlayStation 3']","Nov 2, 2010",['Ready at Dawn'],SCEA,['Linear Action Adventure']
Panzer Corps 2,86,['PC'],"Mar 19, 2020",['Flashback Games'],Slitherine,['Turn-Based Tactics']
Her Story,86,"['PC', 'iOS (iPhone/iPad)']","Jun 24, 2015",['Sam Barlow'],Sam Barlow,['Visual Novel']
Radiant Silvergun,86,"['Xbox 360', 'Nintendo Switch', 'PC']","Sep 14, 2011",['Treasure'],Microsoft Game Studios,"[""Vertical Shoot-'Em-Up""]"
Prince of Persia: The Lost Crown,86,"['Xbox Series X', 'PlayStation 5', 'PC', 'PlayStation 4', 'Xbox One', 'Nintendo Switch']","Jan 18, 2024",['Ubisoft Montpellier'],Ubisoft,['Metroidvania']
Starcraft II: Heart of the Swarm,86,['PC'],"Mar 12, 2013",['Blizzard Entertainment'],Blizzard Entertainment,['Command RTS']
Pentiment,86,"['Xbox Series X', 'PC', 'Xbox One', 'Nintendo Switch', 'PlayStation 5', 'PlayStation 4']","Nov 15, 2022",['Obsidian Entertainment'],Xbox Game Studios,['Adventure']
Bayonetta 3,86,['Nintendo Switch'],"Oct 28, 2022",['PlatinumGames'],Nintendo,['Linear Action Adventure']
Riven,86,"['PC', 'Meta Quest']","Jun 25, 2024",['Cyan Worlds'],Cyan Worlds,['First-Person Adventure']
Spin Rhythm XD,86,"['PC', 'Nintendo Switch', 'PlayStation 5', 'PlayStation 4']","Jul 9, 2024",['Super Spin Digital'],Super Spin Digital,['Rhythm']
Crashmo,86,['3DS'],"Nov 22, 2012",['Intelligent Systems'],Nintendo,['Action Puzzle']
Mortal Kombat (2011),86,"['PlayStation 3', 'Xbox 360', 'PlayStation Vita']","Apr 19, 2011",['NetherRealm Studios'],Warner Bros. Interactive Entertainment,['2D Fighting']
Brothers: A Tale of Two Sons,86,"['Xbox 360', 'PlayStation 3', 'PC', 'PlayStation 4', 'Xbox One', 'iOS (iPhone/iPad)', 'Nintendo Switch']","Aug 7, 2013",['Starbreeze'],505 Games,['Linear Action Adventure']
NCAA Football 11,86,"['PlayStation 2', 'PlayStation 3', 'Xbox 360']","Jul 13, 2010",['EA Tiburon'],Electronic Arts,['Football Sim']
Street Fighter III: 3rd Strike - Fight for the Future,86,"['Dreamcast', 'PlayStation 2', 'Xbox 360', 'PlayStation 3']","Aug 24, 2011",['Iron Galaxy Studios'],Capcom,['2D Fighting']
Final Fantasy XII: The Zodiac Age,86,"['PlayStation 4', 'PC', 'Nintendo Switch', 'Xbox One']","Jul 11, 2017",['Square Enix'],Square Enix,['JRPG']
Homeworld Remastered Collection,86,['PC'],"Feb 25, 2015",['Gearbox Software'],Gearbox Publishing,['Compilation']
Star Wars Pinball,86,"['PlayStation 3', 'PlayStation Vita', 'iOS (iPhone/iPad)', 'Wii U', '3DS', 'Nintendo Switch']","Sep 13, 2019",['Zen Studios'],Zen Studios,['Pinball']
DmC: Devil May Cry,86,"['Xbox 360', 'PlayStation 3', 'PC']","Jan 15, 2013",['Ninja Theory'],Capcom,['Linear Action Adventure']
Nioh 2: The Complete Edition,86,"['PlayStation 4', 'PC']","Feb 5, 2021",['Team Ninja'],Koei Tecmo Games,['Action RPG']
Professor Layton and the Unwound Future,86,['DS'],"Sep 12, 2010",['Level 5'],Nintendo,['Puzzle']
Star Ocean: The Second Story R,86,"['Nintendo Switch', 'PlayStation 5', 'PC', 'PlayStation 4']","Nov 2, 2023",['Gemdrops'],Square Enix,['JRPG']
HROT,86,['PC'],"May 16, 2023",['Spytihnev'],Spytihnev,['FPS']
Dance Central 2,86,['Xbox 360'],"Oct 25, 2011",['Harmonix Music Systems'],Microsoft Game Studios,['Dancing']
Total War: WARHAMMER III,86,['PC'],"Feb 17, 2022",['Creative Assembly'],Sega,['Real-Time Tactics']
Bastion,86,"['PC', 'iOS (iPhone/iPad)', 'Xbox 360', 'PlayStation 4', 'PlayStation Vita', 'Xbox One', 'Nintendo Switch']","Jul 20, 2011",['Supergiant Games'],Warner Bros. Interactive Entertainment,['Action RPG']
Devotion,86,['PC'],"Feb 19, 2019",['Red Candle Games'],Indievent,['Survival']
Sonic Mania,86,"['Xbox One', 'PlayStation 4', 'PC', 'Nintendo Switch']","Aug 15, 2017","['Sega', 'PagodaWest Games']",Sega,['2D Platformer']
Joe Danger,86,"['PlayStation 3', 'PC', 'iOS (iPhone/iPad)', 'PlayStation Vita']","Jun 8, 2010",['Hello Games'],Hello Games,['Auto Racing']
Sons of the Forest,86,['PC'],"Feb 22, 2024",['Endnight Studios'],Newnight,['Survival']
Fight Night Champion,86,"['PlayStation 3', 'Xbox 360']","Mar 1, 2011",['EA Canada'],EA Sports,['Combat Sport']
Desperados III,86,"['Xbox One', 'PlayStation 4', 'PC', 'Xbox Series X']","Jun 16, 2020",['Mimimi Games'],THQ Nordic,['Real-Time Tactics']
Pony Island,86,['PC'],"Jan 4, 2016",['Daniel Mullins Games'],Daniel Mullins Games,['Adventure']
MLB The Show 19,86,['PlayStation 4'],"Mar 26, 2019",['Sony Interactive Entertainment'],Sony Interactive Entertainment,['Baseball Sim']
The Legend of Zelda: Echoes of Wisdom,86,['Nintendo Switch'],"Sep 26, 2024","['Nintendo', 'GREZZO']",Nintendo,['Open-World Action']
Tales From Space: Mutant Blobs Attack,86,"['PlayStation Vita', 'PC', 'PlayStation 3', 'Xbox 360', 'Nintendo Switch']","Feb 21, 2012",['DrinkBox Studios'],DrinkBox Studios,['2D Platformer']
Max Payne 3,86,"['PC', 'Xbox 360', 'PlayStation 3']","May 15, 2012",['Rockstar Games'],Rockstar Games,['Third Person Shooter']
Silent Hill 2,86,"['PlayStation 5', 'PC']","Oct 8, 2024",['Bloober Team'],Konami,['Survival']
Resident Evil 7: biohazard,86,"['PlayStation 4', 'Xbox One', 'PC', 'Xbox Series X', 'PlayStation 5', 'iOS (iPhone/iPad)']","Jan 24, 2017",['Capcom'],Capcom,['Survival']
NHL 12,86,"['PlayStation 3', 'Xbox 360']","Sep 13, 2011",['Electronic Arts'],Electronic Arts,['Hockey Sim']
Rise of the Tomb Raider,86,"['Xbox One', 'Xbox 360', 'PlayStation 4', 'PC']","Nov 10, 2015",['Crystal Dynamics'],Square Enix,['Linear Action Adventure']
Chants of Sennaar,86,"['PC', 'Nintendo Switch', 'Xbox One', 'PlayStation 4']","Sep 5, 2023",['Rundisc'],Focus Entertainment,['Adventure']
PlayerUnknown's Battlegrounds,86,"['PC', 'Xbox One', 'PlayStation 4']","Dec 21, 2017",['PUBG Corporation'],PUBG Corporation,['Tactical FPS']
Forza Horizon 2,86,"['Xbox One', 'Xbox 360']","Sep 30, 2014",['Playground Games'],Microsoft Game Studios,['Auto Racing Sim']
Monster Train,86,"['PC', 'Xbox One', 'iOS (iPhone/iPad)', 'PlayStation 5']","May 21, 2020",['Shiny Shoe'],Good Shepherd Entertainment,['Card Battle']
Beat Saber,86,"['PC', 'PlayStation 4', 'PlayStation 5', 'Meta Quest']","Nov 20, 2018",['Hyperbolic Magnetism'],Beat Games s.r.o.,['Rhythm']
SteamWorld Heist,86,"['3DS', 'PlayStation 4', 'PlayStation Vita', 'Xbox One', 'Wii U', 'PC', 'iOS (iPhone/iPad)', 'Nintendo Switch']","Dec 10, 2015",['Image & Form'],Image & Form,['Turn-Based Strategy']
XCOM: Enemy Within Expansion,86,['PC'],"Nov 11, 2013",['Firaxis Games'],2K Games,['Turn-Based Tactics']
Final Fantasy XIV: Heavensward,86,"['PlayStation 3', 'PlayStation 4', 'PC']","Jun 23, 2015",['Square Enix'],Square Enix,['MMORPG']
Wildermyth,86,['PC'],"Jun 15, 2021",['Worldwalker Games'],Worldwalker Games,['Turn-Based Tactics']
Luigi's Mansion 3,86,['Nintendo Switch'],"Oct 31, 2019",['Next Level Games'],Nintendo,['Action Adventure']
Dance Central 3,86,['Xbox 360'],"Oct 16, 2012",['Harmonix Music Systems'],Microsoft Game Studios,['Dancing']
Final Fantasy XIV Online: A Realm Reborn,86,"['PC', 'PlayStation 3', 'PlayStation 4', 'PlayStation 5', 'Xbox Series X']","Apr 14, 2014",['Square Enix'],Square Enix,['MMORPG']
Luigi's Mansion: Dark Moon,86,['3DS'],"Mar 24, 2013",['Next Level Games'],Nintendo,['Action Adventure']
DJ Hero 2,86,"['PlayStation 3', 'Xbox 360', 'Wii']","Oct 19, 2010",['FreeStyleGames'],Activision,['Rhythm']
Dragon's Dogma 2,86,"['PlayStation 5', 'PC', 'Xbox Series X']","Mar 22, 2024",['Capcom'],Capcom,['Action RPG']
Armored Core VI: Fires of Rubicon,86,"['PC', 'PlayStation 5', 'Xbox One', 'Xbox Series X', 'PlayStation 4']","Aug 25, 2023",['From Software'],Bandai Namco Games,['Vehicle Combat Sim']
Battlefield 3: Back to Karkand,86,"['Xbox 360', 'PlayStation 3', 'PC']","Dec 13, 2011",['EA DICE'],Electronic Arts,['Tactical FPS']
Dragon Quest XI: Echoes of an Elusive Age,86,"['PlayStation 4', '3DS', 'PC']","Sep 4, 2018",['Square Enix'],Square Enix,['JRPG']
Frostpunk 2,86,"['PC', 'Xbox Series X', 'PlayStation 5']","Sep 17, 2024",['11 bit studios'],11 bit studios,['Management']
Destiny: The Taken King,86,"['Xbox One', 'PlayStation 3', 'Xbox 360', 'PlayStation 4']","Sep 15, 2015",['Bungie'],Activision,['FPS']
Heroes of the Storm,86,['PC'],"Jun 2, 2015",['Blizzard Entertainment'],Blizzard Entertainment,['MOBA']
Code:Realize - Guardian of Rebirth,86,"['PlayStation Vita', 'Nintendo Switch']","Oct 20, 2015",['Otomate'],Aksys Games,['Visual Novel']
Path of Exile,86,"['PC', 'Xbox One', 'PlayStation 4', 'PlayStation 5', 'iOS (iPhone/iPad)']","Oct 23, 2013",['Grinding Gear Games'],Grinding Gear Games,['Action RPG']
Returnal,86,"['PlayStation 5', 'PC']","Apr 30, 2021",['Housemarque'],Sony Interactive Entertainment,['Third Person Shooter']
Braid Anniversary Edition,86,"['PlayStation 4', 'PC', 'Xbox One', 'PlayStation 5', 'Xbox Series X', 'Nintendo Switch', 'iOS (iPhone/iPad)']","May 14, 2024",['Jonathan Blow'],"Thekla, Inc",['2D Platformer']
Guilty Gear Xrd: Rev 2,86,"['PlayStation 4', 'PlayStation 3', 'PC']","May 26, 2017",['Arc System Works'],Aksys Games,['2D Fighting']
OlliOlli2: Welcome to Olliwood,86,"['PlayStation Vita', 'PlayStation 4', 'PC', 'Xbox One']","Mar 3, 2015",['roll7'],roll7,['Skating']
Arco,86,"['PlayStation 5', 'PC', 'Xbox Series X', 'Nintendo Switch']","Aug 15, 2024","['Max Cahill, Franek, Bibiki, and Antonio Uribe']",Panic Inc.,['RPG']
Assault Android Cactus+,86,['Nintendo Switch'],"Mar 8, 2019",['Witch Beam'],Witch Beam,"[""Top-Down Shoot-'Em-Up""]"
World of Warcraft: The War Within,86,['PC'],"Aug 26, 2024",['Blizzard Entertainment'],Blizzard Entertainment,['MMORPG']
Forza Motorsport 7,86,"['Xbox One', 'PC']","Sep 29, 2017",['Turn 10'],Microsoft Game Studios,['Auto Racing Sim']
Sumire,86,"['Nintendo Switch', 'PC', 'iOS (iPhone/iPad)']","May 27, 2021",['GameTomo'],GameTomo,['Adventure']
ENDER LILIES: Quietus of the Knights,86,"['PC', 'PlayStation 4', 'Nintendo Switch', 'Xbox Series X', 'Xbox One', 'PlayStation 5']","Jun 22, 2021",['Live Wire'],Binary Haze Interactive,['Metroidvania']
Football Manager 2019,86,['PC'],"Nov 2, 2018",['Sports Interactive'],Sega,['Soccer Management']
Gunman Clive HD Collection,86,"['Wii U', 'Nintendo Switch', 'PC', 'PlayStation 4']","Sep 3, 2015",['Horberg Productions'],Horberg Productions,['Compilation']
Persona 4 Arena,86,"['PlayStation 3', 'Xbox 360']","Aug 7, 2012",['Arc System Works'],Atlus,['2D Fighting']
Humanity,86,"['Meta Quest', 'PlayStation 4', 'PlayStation 5', 'PC', 'Xbox Series X', 'Xbox One']","May 16, 2023",['Tha Ltd.'],Enhance Games,['Action Puzzle']
Day of the Tentacle Remastered,86,"['PlayStation 4', 'PlayStation Vita', 'PC', 'iOS (iPhone/iPad)', 'Xbox One']","Mar 21, 2016",['Double Fine Productions'],Double Fine Productions,['Point-and-Click']
Cyberpunk 2077,86,"['PC', 'Xbox One', 'PlayStation 4', 'Xbox Series X', 'PlayStation 5']","Dec 10, 2020",['CD Projekt Red Studio'],Warner Bros. Interactive Entertainment,['Action RPG']
Xenoblade Chronicles,86,"['Wii', '3DS']","Apr 10, 2015",['Monster Games Inc.'],Nintendo,['Action RPG']
Fire Emblem Fates: Birthright,86,['3DS'],"Feb 19, 2016",['Intelligent Systems'],Nintendo,['Turn-Based Tactics']
The Legend of Zelda: Twilight Princess HD,86,['Wii U'],"Mar 4, 2016",['Tantalus'],Nintendo,['Open-World Action']
Resogun: Heroes,86,['PlayStation 4'],"Jun 24, 2014",['Housemarque'],SCEA,"[""Horizontal Shoot-'Em-Up""]"
Mini Metro,86,"['PC', 'iOS (iPhone/iPad)', 'Nintendo Switch', 'PlayStation 4']","Aug 30, 2018",['Radial Games Corp.'],Radial Games Corp.,['Management']
Cadence of Hyrule: Crypt of the NecroDancer Featuring The Legend of Zelda,85,['Nintendo Switch'],"Jun 13, 2019",['Brace Yourself Games'],Nintendo,['Rhythm']
Monster Hunter Generations,85,['3DS'],"Jul 15, 2016",['Capcom'],Capcom,['Action RPG']
Shantae: Risky's Revenge,85,"['iOS (iPhone/iPad)', 'DS', 'PC', '3DS', 'Wii U', 'PlayStation 4']","Oct 4, 2010",['WayForward'],WayForward,['2D Platformer']
Risk of Rain 2,85,"['PC', 'Nintendo Switch', 'Xbox One', 'PlayStation 4', 'PlayStation 5', 'Xbox Series X']","Aug 11, 2020",['Hopoo Games'],Hopoo Games,['Third Person Shooter']
Inscryption,85,"['PC', 'PlayStation 5', 'PlayStation 4', 'Nintendo Switch', 'Xbox One', 'Xbox Series X']","Oct 19, 2021",['Daniel Mullins Games'],Devolver Digital,['Card Battle']
Tom Clancy's Splinter Cell: Conviction,85,"['Xbox 360', 'PC']","Apr 13, 2010",['Ubisoft Montreal'],Ubisoft,['Action Adventure']
Mario + Rabbids Sparks of Hope,85,['Nintendo Switch'],"Oct 20, 2022",['Ubisoft Paris'],Ubisoft,['Turn-Based Tactics']
The Talos Principle,85,"['PC', 'iOS (iPhone/iPad)']","Dec 11, 2014",['Croteam'],Devolver Digital,['First-Person Adventure']
Cities: Skylines,85,"['PC', 'Nintendo Switch', 'PlayStation 4', 'Xbox One']","Mar 10, 2015",['Colossal Order'],Paradox Interactive,['Management']
DiRT Rally,85,"['PC', 'PlayStation 4', 'Xbox One']","Apr 5, 2016",['Codemasters'],Codemasters,['Auto Racing Sim']
Metroid: Samus Returns,85,['3DS'],"Sep 15, 2017",['Mercury Steam'],Nintendo,['Metroidvania']
Ni no Kuni: Wrath of the White Witch,85,"['PlayStation 3', 'Nintendo Switch']","Jan 22, 2013",['Level 5'],Namco Bandai Games,['JRPG']
Buckshot Roulette,85,['PC'],"Dec 28, 2023",['Mike Klubnika'],Mike Klubnika,['Strategy']
Kingdom Two Crowns,85,"['Nintendo Switch', 'Xbox One', 'PC', 'PlayStation 4', 'iOS (iPhone/iPad)']","Dec 11, 2018",['Coatsink Software'],Raw Fury,['Action Adventure']
Deep Rock Galactic,85,"['PC', 'Xbox One', 'PlayStation 4', 'PlayStation 5']","May 13, 2020",['Ghost Ship Games'],Coffee Stain Publishing,['FPS']
Closer the Distance,85,"['PC', 'PlayStation 5', 'Xbox Series X']","Aug 2, 2024",['Osmotic Studios'],Skybound Games,['Adventure']
Wasteland 3,85,"['PC', 'PlayStation 4', 'Xbox One']","Aug 28, 2020",['InXile Entertainment'],InXile Entertainment,['Western RPG']
Legend of Grimrock II,85,['PC'],"Oct 15, 2014",['Almost Human'],Almost Human,['Western RPG']
Sly Cooper Collection,85,"['PlayStation Vita', 'PlayStation 3']","Nov 9, 2010",['Sanzaru Games'],SCEA,['Compilation']
Tatsunoko vs. Capcom: Ultimate All-Stars,85,['Wii'],"Jan 26, 2010",['Eighting'],Capcom,['2D Fighting']
Dragon Age: Inquisition,85,"['PC', 'Xbox One', 'PlayStation 3', 'Xbox 360', 'PlayStation 4']","Nov 18, 2014",['BioWare'],Electronic Arts,['Western RPG']
Tales from the Borderlands: A Telltale Game Series,85,"['PlayStation Vita', 'Xbox One', 'PlayStation 4', 'PC', 'Xbox 360', 'PlayStation 3', 'iOS (iPhone/iPad)', 'PlayStation 5', 'Xbox Series X', 'Nintendo Switch']","Oct 20, 2015",['Telltale Games'],Telltale Games,['Adventure']
Hearthstone: Heroes of Warcraft - Whispers of the Old Gods,85,"['PC', 'iOS (iPhone/iPad)']","Apr 26, 2016",['Blizzard Entertainment'],Blizzard Entertainment,['Card Battle']
Among Us,85,"['PC', 'iOS (iPhone/iPad)', 'Nintendo Switch', 'Xbox One', 'Xbox Series X', 'PlayStation 5', 'PlayStation 4']","Nov 16, 2018",['Innersloth'],Innersloth,['Survival']
13 Sentinels: Aegis Rim,85,"['PlayStation 4', 'Nintendo Switch', 'PlayStation Vita']","Sep 22, 2020",['Vanillaware'],Atlus,['Adventure']
The Outer Worlds,85,"['PlayStation 4', 'PC', 'Xbox One', 'Nintendo Switch']","Oct 25, 2019",['Obsidian Entertainment'],Private Division,['Western RPG']
Super Street Fighter IV,85,"['Xbox 360', 'PlayStation 3', '3DS']","Mar 27, 2011",['Capcom'],Capcom,['2D Fighting']
Blaster Master Zero II,85,"['Nintendo Switch', 'PC', 'PlayStation 4', 'Xbox Series X', 'Xbox One']","Mar 20, 2019",['Inti Creates'],Inti Creates,"[""Top-Down Shoot-'Em-Up""]"
Lara Croft and the Guardian of Light,85,"['PC', 'PlayStation 3', 'Xbox 360', 'iOS (iPhone/iPad)', 'Nintendo Switch']","Aug 18, 2010",['Crystal Dynamics'],Square Enix,['Action Adventure']
Trials Evolution: Origin of Pain,85,['Xbox 360'],"Oct 5, 2012",['RedLynx'],Microsoft Game Studios,['Auto Racing Sim']
Pillars of Eternity: Complete Edition,85,"['PlayStation 4', 'Xbox One', 'Nintendo Switch']","Aug 29, 2017",['Paradox Arctic'],Paradox Interactive,['Western RPG']
Bravely Default,85,['3DS'],"Feb 7, 2014",['Silicon Studio'],Nintendo,['JRPG']
Star Wars Jedi: Survivor,85,"['PC', 'PlayStation 5', 'Xbox Series X', 'PlayStation 4', 'Xbox One']","Apr 28, 2023",['Respawn Entertainment'],Electronic Arts,['Open-World Action']
Paradigm,85,['PC'],"Apr 5, 2017",['Jacob Janerka'],Jacob Janerka,['Point-and-Click']
The Sims 4: Realm of Magic,85,"['PlayStation 4', 'PC', 'Xbox One']","Sep 10, 2019",['Maxis'],Electronic Arts,['Virtual Life']
Bug Fables: The Everlasting Sapling,85,"['PC', 'Nintendo Switch', 'PlayStation 4', 'Xbox One']","May 28, 2020",['Moonsprout Games'],DANGEN Entertainment,['Action RPG']
Paranormasight: The Seven Mysteries of Honjo,85,"['iOS (iPhone/iPad)', 'Nintendo Switch', 'PC']","Mar 9, 2023",['Xeen'],Square Enix,['Visual Novel']
Battlerite,85,"['PC', 'Xbox One']","Nov 8, 2017",['Stunlock Studios'],Stunlock Studios,['MOBA']
BlazBlue: Continuum Shift,85,"['PlayStation 3', 'Xbox 360']","Jul 27, 2010",['Arc System Works'],Aksys Games,['2D Fighting']
Life is Strange,85,"['Xbox One', 'PC', 'PlayStation 3', 'PlayStation 4', 'Xbox 360', 'iOS (iPhone/iPad)']","Oct 20, 2015",['DONTNOD Entertainment'],Square Enix,['Action Adventure']
Bit.Trip Presents...Runner2: Future Legend of Rhythm Alien,85,"['PC', 'PlayStation 3', 'Xbox 360', 'Wii U', 'PlayStation Vita', 'PlayStation 4', 'Nintendo Switch', 'iOS (iPhone/iPad)']","Feb 26, 2013",['Gaijin Games'],Gaijin Games,['Rhythm']
Hotline Miami,85,"['PC', 'PlayStation 3', 'PlayStation Vita', 'PlayStation 4', 'PlayStation 5', 'Xbox Series X']","Oct 23, 2012",['Dennaton'],Devolver Digital,['Linear Action Adventure']
Teenage Mutant Ninja Turtles: Shredder's Revenge,85,"['PC', 'Nintendo Switch', 'Xbox One', 'PlayStation 4', 'PlayStation 5', 'Xbox Series X', 'iOS (iPhone/iPad)']","Jun 16, 2022",['Tribute Games'],DotEmu,"[""2D Beat-'Em-Up""]"
Final Fantasy XV: Royal Edition,85,"['PlayStation 4', 'Xbox One', 'PC']","Mar 6, 2018",['Square Enix'],Square Enix,['Action RPG']
Nioh: Bloodshed's End,85,['PlayStation 4'],"Sep 26, 2017",['Team Ninja'],Sony Interactive Entertainment,['Action RPG']
One Btn Bosses,85,['PC'],"Aug 6, 2024",['Midnight Munchies'],Midnight Munchies,['Action']
Out of the Park Baseball 13,85,['PC'],"Apr 9, 2012",['Out Of The Park Developments'],Out Of The Park Developments,['Baseball Sim']
Core Keeper,85,"['PC', 'Nintendo Switch', 'Xbox Series X', 'PlayStation 5', 'Xbox One', 'PlayStation 4']","Aug 27, 2024",['Pugstorm'],Fireshine Games,['Sandbox']
Rocket League,85,"['PlayStation 4', 'PC', 'Xbox One', 'Nintendo Switch']","Jul 7, 2015","['Psyonix', 'Panic Button']",Psyonix,['Soccer']
Control: Ultimate Edition,85,"['PlayStation 5', 'Xbox Series X', 'PC', 'Xbox One', 'PlayStation 4', 'Nintendo Switch']","Feb 2, 2021",['Remedy Entertainment'],505 Games,['Action Adventure']
The Forgotten City,85,"['PC', 'Xbox One', 'Nintendo Switch', 'PlayStation 4', 'PlayStation 5', 'Xbox Series X']","Jul 28, 2021",['Modern Storyteller'],Dear Villagers,['Action Adventure']
Marvel's Spider-Man: Miles Morales,85,"['PlayStation 5', 'PlayStation 4', 'PC']","Nov 12, 2020",['Insomniac Games'],PlayStation Studios,['Open-World Action']
The Binding of Isaac: Afterbirth,85,"['PC', 'PlayStation 4', 'Xbox One']","Oct 30, 2015",['Nicalis'],Nicalis,"[""Top-Down Shoot-'Em-Up""]"
Amnesia: The Dark Descent,85,['PC'],"Sep 8, 2010",['Frictional Games'],Frictional Games,['Survival']
Forza Horizon,85,['Xbox 360'],"Oct 23, 2012",['Playground Games'],Microsoft Game Studios,['Auto Racing Sim']
Chaos Reborn,85,"['PC', 'iOS (iPhone/iPad)']","Dec 9, 2014",['Snapshot Games Inc.'],Snapshot Games Inc.,['Turn-Based Strategy']
Diablo IV: Vessel of Hatred,85,"['PlayStation 5', 'PC', 'PlayStation 4', 'Xbox Series X', 'Xbox One']","Oct 8, 2024",['Blizzard Entertainment'],Blizzard Entertainment,['Action RPG']
Solium Infernum,85,['PC'],"Feb 22, 2024",['League of Geeks'],League of Geeks,['Turn-Based Strategy']
Football Manager 2011,85,"['PC', 'PSP', 'iOS (iPhone/iPad)']","Nov 4, 2010",['Sports Interactive'],Sega,['Soccer Management']
qomp2,85,"['PlayStation 5', 'Xbox Series X', 'PC', 'Nintendo Switch', 'PlayStation 4', 'Xbox One']","Feb 20, 2024",['Graphite Lab'],Atari,['Arcade']
South Park: The Stick of Truth,85,"['PlayStation 3', 'Xbox 360', 'PC', 'PlayStation 4', 'Xbox One', 'Nintendo Switch']","Mar 4, 2014",['Obsidian Entertainment'],Ubisoft,['RPG']
World of Goo 2,85,"['PC', 'Nintendo Switch']","Aug 2, 2024",['2D Boy'],2D Boy,['Action Puzzle']
Monkey Island 2 Special Edition: LeChuck's Revenge,85,"['PC', 'PlayStation 3', 'Xbox 360', 'iOS (iPhone/iPad)']","Jul 7, 2010",['LucasArts'],LucasArts,['Point-and-Click']
Dark Souls: Prepare to Die Edition,85,['PC'],"Aug 24, 2012",['From Software'],Bandai Namco Games,['Action RPG']
The Binding of Isaac: Afterbirth +,85,"['PC', 'Nintendo Switch', 'Xbox One', 'PlayStation 4']","Mar 17, 2017",['Nicalis'],Nicalis,"[""Top-Down Shoot-'Em-Up""]"
Tunic,85,"['PC', 'Xbox One', 'Xbox Series X', 'PlayStation 5', 'PlayStation 4', 'Nintendo Switch']","Mar 16, 2022",['ISOMETRICORP Games'],Finji,['Open-World Action']
Shadow Tactics: Blades of the Shogun,85,"['PlayStation 4', 'Xbox One', 'PC']","Dec 6, 2016",['Mimimi Games'],Daedalic Entertainment,['Real-Time Tactics']
1000xRESIST,85,"['Nintendo Switch', 'PC']","May 9, 2024",['sunset visitor'],Fellow Traveller,['Adventure']
Easy Come Easy Golf,85,['Nintendo Switch'],"Sep 13, 2022",['Clap Hanz'],Clap Hanz,['Golf']
Jusant,85,"['Xbox Series X', 'PC', 'PlayStation 5']","Oct 31, 2023",['DONTNOD Entertainment'],DONTNOD Entertainment,['Action Adventure']
Alan Wake II: Night Springs Expansion,85,"['Xbox Series X', 'PlayStation 5', 'PC']","Jun 8, 2024",['Remedy Entertainment'],Epic Games,['Survival']
The Cosmic Wheel Sisterhood,85,"['PC', 'Nintendo Switch']","Aug 16, 2023",['Deconstructeam'],Devolver Digital,['Adventure']
Wargroove 2,85,"['PC', 'Nintendo Switch', 'Xbox One', 'Xbox Series X']","Oct 5, 2023",['Robotality'],Chucklefish,['Turn-Based Tactics']
The Legend of Zelda: Four Swords Anniversary Edition,85,['DS'],"Sep 28, 2011",['GREZZO'],Nintendo,['Action Adventure']
Shovel Knight,85,"['Wii U', '3DS', 'PC', 'PlayStation 4', 'PlayStation 3', 'PlayStation Vita', 'Xbox One']","Jun 26, 2014",['Yacht Club Games'],Yacht Club Games,['2D Platformer']
Resogun: Defenders,85,['PlayStation 4'],"Feb 17, 2015",['Housemarque'],SCEA,"[""Horizontal Shoot-'Em-Up""]"
Pro Evolution Soccer 2017,85,"['iOS (iPhone/iPad)', 'PlayStation 4', 'PC', 'Xbox One', 'PlayStation 3', 'Xbox 360']","Sep 13, 2016",['Konami'],Konami,['Soccer Sim']
DJMax Respect,85,['PlayStation 4'],"Mar 6, 2018",['Rocky Studio'],Neowiz,['Rhythm']
Final Fantasy X / X-2 HD Remaster,85,"['PlayStation 3', 'PlayStation Vita', 'PlayStation 4', 'PC', 'Nintendo Switch', 'Xbox One']","Mar 18, 2014",['Virtuos'],Square Enix,['Compilation']
In Stars And Time,85,"['PC', 'Nintendo Switch', 'PlayStation 5', 'PlayStation 4']","Nov 20, 2023",['insertdisc5'],Armor Games,['RPG']
Ace Attorney Investigations Collection,85,"['Nintendo Switch', 'PC', 'PlayStation 4', 'Xbox One']","Sep 6, 2024",['Capcom'],Capcom,['Compilation']
Marvel vs. Capcom 3: Fate of Two Worlds,85,"['PlayStation 3', 'Xbox 360']","Feb 15, 2011",['Capcom'],Capcom,['2D Fighting']
Ys VIII: Lacrimosa of DANA,85,"['PlayStation Vita', 'PlayStation 4', 'PC', 'Nintendo Switch', 'iOS (iPhone/iPad)', 'PlayStation 5']","Sep 12, 2017",['Falcom'],NIS America,['Action RPG']
Nioh 2,85,['PlayStation 4'],"Mar 13, 2020",['Team Ninja'],Koei Tecmo Games,['Action RPG']
Frozen Synapse,85,"['PC', 'iOS (iPhone/iPad)']","May 26, 2011",['Mode 7 Games'],Matrix Games,['Turn-Based Tactics']
The Witcher 3: Wild Hunt - Complete Edition,85,"['PC', 'Xbox One', 'PlayStation 4', 'Nintendo Switch', 'Xbox Series X', 'PlayStation 5']","Oct 15, 2019","['CD Projekt Red Studio', 'Saber Interactive']",CD Projekt Red Studio,['Action RPG']
Bayonetta & Vanquish,85,"['PlayStation 4', 'Xbox One']","Feb 18, 2020",['PlatinumGames'],Sega,['Compilation']
Octopath Traveler II,85,"['Nintendo Switch', 'PlayStation 5', 'PlayStation 4', 'PC', 'Xbox Series X', 'Xbox One']","Feb 24, 2023",['Acquire'],Square Enix,['JRPG']
NBA JAM: On Fire Edition,85,"['PlayStation 3', 'Xbox 360']","Oct 5, 2011",['EA Sports'],Electronic Arts,['Basketball']
The Wolf Among Us: Episode 1 - Faith,85,"['Xbox 360', 'PlayStation 3', 'PC', 'iOS (iPhone/iPad)']","Oct 11, 2013",['Telltale Games'],Telltale Games,['Point-and-Click']
Galactic Civilizations III: Crusade,85,['PC'],"May 4, 2017",['Stardock'],Stardock,['4X Strategy']
Robo Recall,85,"['PC', 'Meta Quest']","Mar 1, 2017",['Epic Games'],Oculus,['Light Gun']
Football Manager 2022,85,"['PC', 'Xbox Series X', 'Xbox One', 'iOS (iPhone/iPad)', 'Nintendo Switch']","Nov 9, 2021",['Sports Interactive'],Sega,['Soccer Management']
Oxygen Not Included,85,['PC'],"May 18, 2017",['Klei Entertainment'],Klei Entertainment,['Tycoon']
Torn Away,85,"['PC', 'Xbox One', 'Nintendo Switch', 'PlayStation 4']","Sep 29, 2023",['Perelesoq'],Perelesoq,['Action Adventure']
The Walking Dead: Episode 3 - Long Road Ahead,85,"['PlayStation 3', 'Xbox 360', 'iOS (iPhone/iPad)', 'PC']","Aug 29, 2012",['Telltale Games'],Telltale Games,['Point-and-Click']
STASIS: BONE TOTEM,85,"['PC', 'PlayStation 5', 'Xbox Series X', 'PlayStation 4', 'Nintendo Switch', 'Xbox One']","May 31, 2023",['THE BROTHERHOOD'],THE BROTHERHOOD,['Point-and-Click']
Forza Horizon 5: Hot Wheels,85,"['PC', 'Xbox Series X', 'Xbox One']","Jul 19, 2022",['Playground Games'],Xbox Game Studios,['Auto Racing Sim']
Yakuza 0,85,"['PlayStation 3', 'PlayStation 4', 'PC', 'Xbox One']","Jan 24, 2017",['Ryu ga Gotoku Studios'],Sega,['Open-World Action']
MLB The Show 17,85,['PlayStation 4'],"Mar 28, 2017",['Sony Interactive Entertainment'],Sony Interactive Entertainment,['Baseball Sim']
Death's Door,85,"['Xbox Series X', 'Xbox One', 'PC', 'PlayStation 5', 'PlayStation 4', 'Nintendo Switch']","Jul 20, 2021",['Acid Nerve'],Devolver Digital,['Action Adventure']
Destiny 2,85,"['Xbox One', 'PlayStation 4', 'PC', 'Xbox Series X', 'PlayStation 5']","Sep 6, 2017",['Bungie'],Activision,['FPS']
AMID EVIL,85,"['PC', 'Nintendo Switch', 'Meta Quest']","Jun 20, 2019",['Indefatigable'],New Blood Interactive,['FPS']
Mario Kart 7,85,['3DS'],"Dec 4, 2011","['Retro Studios', 'Entertainment Analysis & Development Division']",Nintendo,['Auto Racing']
Halo: The Master Chief Collection,85,"['Xbox One', 'PC', 'Xbox Series X']","Nov 11, 2014",['343 Industries'],Microsoft Game Studios,['Compilation']
Batman: The Enemy Within - Episode 5: Same Stitch,85,"['Xbox One', 'PlayStation 4', 'PC', 'iOS (iPhone/iPad)']","Mar 26, 2018",['Telltale Games'],Telltale Games,['Point-and-Click']
Doki Doki Literature Club Plus!,85,"['PlayStation 4', 'PC', 'Nintendo Switch', 'PlayStation 5', 'Xbox One', 'Xbox Series X']","Jun 30, 2021",['Team Salvato'],Serenity Forge,['Visual Novel']
Assault Android Cactus,85,"['PC', 'PlayStation 4', 'Wii U', 'PlayStation Vita', 'Xbox One']","Mar 8, 2016",['Witch Beam'],Witch Beam,"[""Top-Down Shoot-'Em-Up""]"
Pikmin 3 Deluxe,85,['Nintendo Switch'],"Oct 30, 2020","['Eighting', 'Nintendo']",Nintendo,['Real-Time Strategy']
Super Mega Baseball,85,"['PlayStation 3', 'PlayStation 4', 'PC', 'Xbox One']","Dec 16, 2014",['Metalhead Software'],Metalhead Software,['Baseball']
Full Metal Furies,85,"['PC', 'Xbox One', 'Nintendo Switch']","Jan 17, 2018",['Cellar Door Games'],Cellar Door Games,"[""2D Beat-'Em-Up""]"
Rogue Legacy,85,"['PC', 'PlayStation 4', 'PlayStation Vita', 'PlayStation 3', 'Xbox One', 'Nintendo Switch', 'iOS (iPhone/iPad)']","Jun 27, 2013",['Cellar Door Games'],Cellar Door Games,['Roguelike']
BattleBlock Theater,85,"['Xbox 360', 'PC']","Apr 3, 2013",['The Behemoth'],Microsoft Game Studios,['2D Platformer']
Yakuza Kiwami 2,85,"['PlayStation 4', 'PC', 'Xbox One']","Aug 28, 2018",['Ryu ga Gotoku Studios'],Sega,['Open-World Action']
Borderlands: The Secret Armory of General Knoxx,85,"['PlayStation 3', 'PC', 'Xbox 360']","Feb 23, 2010",['Gearbox Software'],2K Games,['FPS']
Heroes of Hammerwatch - Ultimate Edition,85,"['Xbox One', 'Nintendo Switch', 'PlayStation 4']","Jul 29, 2020",['Crackshell'],BlitWorks,['Action RPG']
West of Loathing,85,"['PC', 'Nintendo Switch']","May 31, 2018",['Asymmetric Publications'],Asymmetric Publications,['RPG']
UFC Undisputed 3,85,"['PlayStation 3', 'Xbox 360']","Feb 14, 2012","[""Yuke's""]",THQ,['Wrestling']
Football Manager 2014,85,['PC'],"Oct 30, 2013",['Sports Interactive'],Sega,['Soccer Management']
System Shock: Enhanced Edition,85,['PC'],"Sep 22, 2015",['Looking Glass Studios'],Nightdive Studios,['Action Adventure']
AI: The Somnium Files - nirvanA Initiative,85,"['Nintendo Switch', 'PC', 'Xbox One', 'PlayStation 4']","Jun 24, 2022",['Spike Chunsoft'],Spike Chunsoft,['Action Adventure']
Wipeout: Omega Collection,85,['PlayStation 4'],"Jun 6, 2017",['Sony Interactive Entertainment'],Sony Interactive Entertainment,['Future Racing']
A Space For The Unbound,85,"['PC', 'PlayStation 4', 'Nintendo Switch', 'Xbox One', 'Xbox Series X', 'PlayStation 5', 'iOS (iPhone/iPad)']","Jan 19, 2023",['Mojiken Studio'],Chorus Worldwide,['Adventure']
Mortal Kombat XL,85,"['Xbox One', 'PlayStation 4', 'PC']","Mar 1, 2016",['NetherRealm Studios'],Warner Bros. Interactive Entertainment,['2D Fighting']
Worldless,85,"['PC', 'Xbox One', 'Xbox Series X', 'PlayStation 5', 'Nintendo Switch', 'PlayStation 4']","Nov 20, 2023",['Noname Studios'],Coatsink Software,['Metroidvania']
Tangle Tower,85,"['iOS (iPhone/iPad)', 'PC', 'Nintendo Switch', 'PlayStation 4', 'Xbox One']","Oct 22, 2019",['SFB Games'],SFB Games,['Adventure']
Sid Meier's Civilization V: Brave New World,85,['PC'],"Jul 8, 2013",['Firaxis Games'],2K Games,['4X Strategy']
Ratchet & Clank (PS4),85,['PlayStation 4'],"Apr 12, 2016",['Insomniac Games'],Sony Interactive Entertainment,['3D Platformer']
